Transaction_ID,Date,Customer_Name,Email,Phone_Number,Address,Credit_Card,Category,Amount,Payment_Method
TXN-10000,2025-02-14,Daniel Martinez,daniel.martinez2@yahoo.com,555-301-1770,"58 Park Ave, New York, USA",4630-2396-8835-2845,Fashion,649.84,PayPal
TXN-10001,2025-02-18,Laura Williams,laura.williams61@yahoo.com,555-386-6313,"708 Pine St, Phoenix, USA",4753-2128-5212-5299,Automotive,1319.11,PayPal
TXN-10002,2025-05-17,David Rodriguez,david.rodriguez34@gmail.com,555-967-5281,"202 Cedar Dr, Phoenix, USA",4076-9419-6043-3503,Home & Garden,845.09,PayPal
TXN-10003,2025-08-31,David Davis,david.davis85@yahoo.com,555-972-9934,"196 Pine St, Houston, USA",4213-7614-5914-1045,Sports,1374.09,PayPal
TXN-10004,2025-03-02,Robert Miller,robert.miller36@company.net,555-776-6038,"399 Main St, Houston, USA",4059-1495-5920-6878,Fashion,468.96,Debit Card
TXN-10005,2025-07-11,Laura Rodriguez,laura.rodriguez6@gmail.com,555-769-8218,"344 Broadway, New York, USA",4707-8032-2273-5013,Toys & Games,1172.93,Bank Transfer
TXN-10006,2025-08-15,John Jones,john.jones49@gmail.com,555-592-9605,"77 Main St, Phoenix, USA",4939-8818-6415-8849,Electronics,1445.76,Credit Card
TXN-10007,2025-12-06,John Miller,john.miller47@company.net,555-730-1845,"749 Pine St, New York, USA",4364-6549-5796-1181,Home & Garden,1451.03,Bank Transfer
TXN-10008,2025-10-24,Linda Miller,linda.miller14@gmail.com,555-210-6319,"127 Pine St, Chicago, USA",4782-5443-2833-7932,Books,1311.59,Bank Transfer
TXN-10009,2025-04-03,John Brown,john.brown89@company.net,555-711-7823,"330 Park Ave, New York, USA",4745-6734-3559-7559,Automotive,1284.55,PayPal
TXN-10010,2025-03-22,Jane Johnson,jane.johnson52@company.net,555-916-1858,"607 Broadway, Houston, USA",4782-4503-5285-1107,Fashion,738.6,Debit Card
TXN-10011,2025-05-28,Robert Miller,robert.miller31@hotmail.com,555-665-8993,"416 Cedar Dr, Chicago, USA",4903-7672-5468-3791,Fashion,1386.77,PayPal
TXN-10012,2025-02-26,Emily Rodriguez,emily.rodriguez7@hotmail.com,555-452-1391,"409 Broadway, Phoenix, USA",4824-4431-1742-3354,Toys & Games,144.54,Debit Card
TXN-10013,2025-03-29,Jane Miller,jane.miller12@yahoo.com,555-956-6381,"900 Pine St, Los Angeles, USA",4240-3727-7421-1498,Home & Garden,1222.13,Bank Transfer
TXN-10014,2025-03-07,Linda Jones,linda.jones16@gmail.com,555-481-6222,"450 Park Ave, Chicago, USA",4254-4299-6543-4254,Books,487.2,Credit Card
TXN-10015,2025-05-10,Daniel Martinez,daniel.martinez12@company.net,555-187-2132,"366 Pine St, Houston, USA",4927-2443-9598-6777,Home & Garden,68.15,Credit Card
TXN-10016,2025-06-15,Robert Miller,robert.miller5@yahoo.com,555-134-6524,"376 Broadway, Phoenix, USA",4470-8141-3530-6158,Toys & Games,1085.57,PayPal
TXN-10017,2025-06-10,Michael Johnson,michael.johnson36@yahoo.com,555-527-3842,"179 Pine St, Los Angeles, USA",4568-9850-4126-2711,Books,1217.47,Credit Card
TXN-10018,2025-03-15,Emily Miller,emily.miller65@yahoo.com,555-662-6652,"842 Main St, Houston, USA",4212-8248-3899-4840,Electronics,876.37,Credit Card
TXN-10019,2025-06-24,David Miller,david.miller53@yahoo.com,555-404-8184,"204 Park Ave, Phoenix, USA",4054-5232-6992-3898,Books,252.97,Bank Transfer
TXN-10020,2025-05-14,David Johnson,david.johnson62@yahoo.com,555-999-5629,"806 Pine St, Phoenix, USA",4962-5309-5605-5564,Books,680.65,Debit Card
TXN-10021,2025-11-04,Jane Williams,jane.williams97@gmail.com,555-840-9782,"117 Main St, Los Angeles, USA",4992-6690-3156-8138,Sports,1119.86,Debit Card
TXN-10022,2025-10-04,Robert Smith,robert.smith85@gmail.com,555-646-9007,"255 Broadway, Chicago, USA",4988-5826-3499-5485,Automotive,1382.33,Debit Card
TXN-10023,2025-09-19,Linda Johnson,linda.johnson3@yahoo.com,555-208-9918,"948 Broadway, Los Angeles, USA",4540-8992-2685-4616,Automotive,627.89,PayPal
TXN-10024,2025-03-24,David Martinez,david.martinez96@company.net,555-601-6588,"631 Broadway, New York, USA",4871-2019-1942-8392,Home & Garden,1183.57,Bank Transfer
TXN-10025,2025-04-22,Linda Williams,linda.williams46@yahoo.com,555-969-1966,"411 Pine St, Chicago, USA",4058-5003-3335-6506,Books,670.53,PayPal
TXN-10026,2025-03-24,Laura Martinez,laura.martinez65@company.net,555-104-5963,"213 Park Ave, Houston, USA",4922-4865-9490-1209,Books,1474.71,Debit Card
TXN-10027,2025-07-29,David Jones,david.jones71@gmail.com,555-404-3839,"368 Broadway, Houston, USA",4938-7409-6104-2692,Books,1349.03,Debit Card
TXN-10028,2025-03-29,Jane Miller,jane.miller76@company.net,555-513-5987,"525 Park Ave, Houston, USA",4567-8225-8556-5069,Books,934.29,Bank Transfer
TXN-10029,2025-02-10,John Rodriguez,john.rodriguez46@yahoo.com,555-725-4845,"48 Oak Ln, Los Angeles, USA",4277-2444-5446-3660,Fashion,869.7,PayPal
TXN-10030,2025-08-11,David Brown,david.brown71@hotmail.com,555-172-4188,"991 Park Ave, Chicago, USA",4023-1602-1713-1969,Automotive,1126.59,Debit Card
TXN-10031,2025-08-30,Linda Garcia,linda.garcia14@company.net,555-485-7757,"101 Cedar Dr, New York, USA",4738-8674-4771-3773,Automotive,316.3,PayPal
TXN-10032,2025-06-28,David Smith,david.smith24@company.net,555-510-8713,"921 Park Ave, New York, USA",4319-7328-1053-7599,Electronics,1338.09,Debit Card
TXN-10033,2025-08-23,Michael Miller,michael.miller74@gmail.com,555-181-2058,"976 Pine St, Houston, USA",4588-6186-2548-4148,Sports,30.34,Bank Transfer
TXN-10034,2025-04-07,Linda Davis,linda.davis54@yahoo.com,555-623-9682,"367 Broadway, Chicago, USA",4685-2813-9974-2409,Fashion,119.96,PayPal
TXN-10035,2025-01-25,John Brown,john.brown68@company.net,555-957-5323,"446 Main St, New York, USA",4849-6036-6005-2415,Sports,239.79,PayPal
TXN-10036,2025-05-12,Michael Martinez,michael.martinez61@hotmail.com,555-168-4900,"818 Broadway, Los Angeles, USA",4945-1947-9189-7069,Sports,1256.67,PayPal
TXN-10037,2025-07-11,Daniel Johnson,daniel.johnson77@hotmail.com,555-336-6441,"159 Park Ave, Chicago, USA",4012-3128-2893-2655,Automotive,1385.22,Bank Transfer
TXN-10038,2025-12-12,Michael Rodriguez,michael.rodriguez43@gmail.com,555-423-5090,"740 Cedar Dr, New York, USA",4480-8922-1286-4043,Sports,286.91,Credit Card
TXN-10039,2025-12-01,Linda Smith,linda.smith91@gmail.com,555-948-4215,"314 Broadway, Phoenix, USA",4758-5674-9360-4557,Toys & Games,694.89,Credit Card
TXN-10040,2025-08-15,Robert Johnson,robert.johnson34@hotmail.com,555-510-9181,"146 Cedar Dr, Houston, USA",4447-8447-7853-9195,Electronics,325.6,Bank Transfer
TXN-10041,2025-05-26,Sarah Smith,sarah.smith88@hotmail.com,555-237-2045,"271 Park Ave, New York, USA",4037-4661-4916-6968,Fashion,1191.97,Debit Card
TXN-10042,2025-07-28,Emily Rodriguez,emily.rodriguez68@gmail.com,555-481-1087,"74 Pine St, Chicago, USA",4357-6005-1897-3711,Electronics,1150.32,Bank Transfer
TXN-10043,2025-09-29,Michael Johnson,michael.johnson44@yahoo.com,555-979-3872,"466 Park Ave, Los Angeles, USA",4592-1948-7013-5051,Automotive,626.03,Credit Card
TXN-10044,2025-01-31,John Johnson,john.johnson45@hotmail.com,555-776-6112,"849 Cedar Dr, Phoenix, USA",4122-4223-4121-3825,Fashion,707.66,PayPal
TXN-10045,2025-11-13,Sarah Garcia,sarah.garcia40@yahoo.com,555-853-6157,"98 Cedar Dr, Houston, USA",4207-6481-4254-8613,Automotive,481.92,Debit Card
TXN-10046,2025-06-03,Jane Garcia,jane.garcia37@company.net,555-627-8587,"159 Pine St, Chicago, USA",4129-1367-7663-1635,Home & Garden,126.43,PayPal
TXN-10047,2025-10-17,Daniel Davis,daniel.davis2@hotmail.com,555-403-1584,"441 Main St, New York, USA",4698-3715-5034-9074,Automotive,918.7,Debit Card
TXN-10048,2025-11-01,Michael Garcia,michael.garcia73@hotmail.com,555-454-7265,"948 Oak Ln, Chicago, USA",4405-3887-9950-3294,Books,139.63,Bank Transfer
TXN-10049,2025-05-31,Linda Smith,linda.smith54@gmail.com,555-981-3979,"456 Cedar Dr, New York, USA",4783-8743-4622-1779,Books,360.43,Bank Transfer
TXN-10050,2025-09-14,Emily Williams,emily.williams19@company.net,555-449-5038,"702 Main St, Houston, USA",4447-2959-9210-3481,Books,1230.48,Credit Card
TXN-10051,2025-07-01,David Jones,david.jones37@gmail.com,555-935-5366,"961 Park Ave, New York, USA",4714-7899-3259-8009,Sports,1016.2,Credit Card
TXN-10052,2025-07-14,Jane Davis,jane.davis4@hotmail.com,555-616-4510,"316 Oak Ln, Phoenix, USA",4753-3460-1597-6185,Electronics,389.73,Bank Transfer
TXN-10053,2025-04-27,Jane Smith,jane.smith2@yahoo.com,555-423-6612,"261 Main St, Phoenix, USA",4355-9481-5922-8044,Electronics,29.99,Bank Transfer
TXN-10054,2025-08-29,Daniel Rodriguez,daniel.rodriguez99@hotmail.com,555-650-8201,"602 Broadway, New York, USA",4827-7138-5096-8326,Home & Garden,450.04,Bank Transfer
TXN-10055,2025-01-24,John Garcia,john.garcia73@yahoo.com,555-689-8141,"693 Broadway, Chicago, USA",4806-3184-4117-2849,Fashion,1106.7,Debit Card
TXN-10056,2025-09-12,Laura Rodriguez,laura.rodriguez73@company.net,555-522-3060,"184 Broadway, New York, USA",4743-5510-2663-6687,Books,1397.47,Bank Transfer
TXN-10057,2025-01-11,Daniel Davis,daniel.davis87@company.net,555-205-2671,"958 Main St, Chicago, USA",4001-6854-3192-6496,Fashion,163.37,Credit Card
TXN-10058,2025-11-13,David Garcia,david.garcia85@hotmail.com,555-994-2232,"566 Oak Ln, Houston, USA",4373-7641-3987-4275,Toys & Games,35.37,PayPal
TXN-10059,2025-01-08,John Brown,john.brown91@yahoo.com,555-465-4500,"778 Oak Ln, Chicago, USA",4423-5137-1851-2221,Fashion,913.3,Credit Card
TXN-10060,2025-01-31,Sarah Garcia,sarah.garcia86@yahoo.com,555-730-1134,"127 Pine St, Houston, USA",4468-2686-8342-9066,Automotive,119.86,Debit Card
TXN-10061,2025-07-10,Emily Brown,emily.brown68@yahoo.com,555-957-6976,"988 Main St, Phoenix, USA",4553-5045-3609-7010,Home & Garden,610.11,PayPal
TXN-10062,2025-02-02,David Davis,david.davis9@hotmail.com,555-534-7096,"92 Cedar Dr, Los Angeles, USA",4669-6543-6610-5430,Toys & Games,468.25,Credit Card
TXN-10063,2025-05-30,Michael Brown,michael.brown56@gmail.com,555-241-1495,"50 Park Ave, Chicago, USA",4504-7307-6721-4457,Sports,720.16,PayPal
TXN-10064,2025-11-07,Daniel Rodriguez,daniel.rodriguez9@company.net,555-689-8643,"927 Cedar Dr, Houston, USA",4498-7332-1511-6298,Toys & Games,112.32,Credit Card
TXN-10065,2025-05-14,Daniel Brown,daniel.brown21@company.net,555-322-6462,"339 Oak Ln, Houston, USA",4028-5115-5993-4226,Toys & Games,244.19,Debit Card
TXN-10066,2025-06-08,Linda Garcia,linda.garcia97@yahoo.com,555-963-4313,"424 Broadway, New York, USA",4237-9240-9044-3082,Books,785.01,Credit Card
TXN-10067,2025-11-29,Sarah Rodriguez,sarah.rodriguez23@hotmail.com,555-666-7364,"966 Cedar Dr, New York, USA",4528-4060-4887-3054,Toys & Games,1370.92,PayPal
TXN-10068,2025-05-16,Laura Brown,laura.brown92@hotmail.com,555-571-4361,"592 Cedar Dr, Los Angeles, USA",4055-4387-1656-4298,Electronics,644.27,Bank Transfer
TXN-10069,2025-12-02,Laura Johnson,laura.johnson46@hotmail.com,555-937-4774,"263 Cedar Dr, Houston, USA",4048-3392-8106-4227,Home & Garden,1005.77,Bank Transfer
TXN-10070,2025-02-08,Daniel Williams,daniel.williams51@company.net,555-795-5820,"940 Park Ave, Los Angeles, USA",4208-7518-3986-8684,Electronics,1299.93,Debit Card
TXN-10071,2025-08-26,David Williams,david.williams73@company.net,555-990-6715,"321 Oak Ln, Chicago, USA",4857-3571-4457-7009,Home & Garden,1140.2,Debit Card
TXN-10072,2025-11-05,Linda Brown,linda.brown74@gmail.com,555-533-3419,"109 Main St, Houston, USA",4414-3540-5937-5844,Toys & Games,867.81,Bank Transfer
TXN-10073,2025-10-23,David Miller,david.miller99@company.net,555-221-6132,"235 Broadway, Phoenix, USA",4786-8538-6995-4190,Books,1256.81,Credit Card
TXN-10074,2025-02-28,Daniel Miller,daniel.miller32@hotmail.com,555-879-5370,"872 Park Ave, Phoenix, USA",4909-8087-8876-8935,Sports,492.13,PayPal
TXN-10075,2025-04-14,Emily Martinez,emily.martinez12@gmail.com,555-257-1652,"47 Cedar Dr, Phoenix, USA",4477-4322-4595-6264,Electronics,1310.89,Credit Card
TXN-10076,2025-04-14,Laura Davis,laura.davis45@hotmail.com,555-131-6430,"320 Oak Ln, Houston, USA",4041-1461-2155-8314,Home & Garden,1075.83,Credit Card
TXN-10077,2025-09-07,Laura Rodriguez,laura.rodriguez84@gmail.com,555-675-4882,"606 Pine St, Chicago, USA",4817-9844-2112-3560,Electronics,229.98,PayPal
TXN-10078,2025-12-21,Sarah Miller,sarah.miller82@company.net,555-359-4149,"637 Main St, Los Angeles, USA",4332-7885-2341-8653,Home & Garden,92.27,Credit Card
TXN-10079,2025-01-22,Emily Jones,emily.jones31@hotmail.com,555-925-9376,"279 Broadway, Phoenix, USA",4543-6353-1979-4925,Electronics,866.0,Debit Card
TXN-10080,2025-02-28,Michael Jones,michael.jones20@company.net,555-498-8194,"997 Park Ave, New York, USA",4463-6708-7732-4407,Sports,979.76,PayPal
TXN-10081,2025-02-25,Emily Martinez,emily.martinez85@company.net,555-862-5208,"855 Pine St, Houston, USA",4580-1752-6536-7872,Sports,1195.62,Bank Transfer
TXN-10082,2025-09-06,Laura Garcia,laura.garcia88@hotmail.com,555-882-2193,"873 Pine St, Houston, USA",4811-3149-7076-2272,Books,330.72,Bank Transfer
TXN-10083,2025-09-23,Laura Jones,laura.jones88@yahoo.com,555-178-8430,"405 Main St, Los Angeles, USA",4440-9785-8468-2257,Electronics,1198.86,Bank Transfer
TXN-10084,2025-05-22,Jane Brown,jane.brown6@yahoo.com,555-276-5528,"630 Main St, Los Angeles, USA",4555-8590-7490-7486,Toys & Games,535.66,PayPal
TXN-10085,2025-09-15,Michael Davis,michael.davis98@company.net,555-116-6570,"372 Main St, New York, USA",4678-6022-3727-4732,Toys & Games,222.43,Debit Card
TXN-10086,2025-04-19,David Williams,david.williams47@company.net,555-813-9071,"535 Pine St, Los Angeles, USA",4838-4278-4329-8824,Electronics,1260.52,Credit Card
TXN-10087,2025-12-02,Emily Williams,emily.williams97@yahoo.com,555-328-7484,"589 Broadway, Chicago, USA",4704-1809-2202-1705,Sports,1080.0,PayPal
TXN-10088,2025-05-10,Linda Martinez,linda.martinez70@hotmail.com,555-264-6564,"888 Oak Ln, Phoenix, USA",4844-6982-2339-6446,Electronics,1470.51,Debit Card
TXN-10089,2025-07-05,David Smith,david.smith45@gmail.com,555-232-9193,"425 Cedar Dr, Los Angeles, USA",4278-3809-1205-2539,Automotive,1298.17,PayPal
TXN-10090,2025-08-11,Emily Miller,emily.miller92@gmail.com,555-528-2508,"528 Cedar Dr, Chicago, USA",4557-5157-2950-3799,Home & Garden,1478.67,PayPal
TXN-10091,2025-10-16,Sarah Martinez,sarah.martinez4@company.net,555-245-3104,"126 Main St, Phoenix, USA",4306-6234-8482-1478,Automotive,1482.05,PayPal
TXN-10092,2025-12-31,Sarah Williams,sarah.williams28@company.net,555-376-6842,"429 Cedar Dr, New York, USA",4960-6485-1817-6957,Electronics,1311.69,PayPal
TXN-10093,2025-04-21,Emily Miller,emily.miller66@yahoo.com,555-878-5197,"175 Pine St, Los Angeles, USA",4091-2016-8431-8190,Books,1437.69,Debit Card
TXN-10094,2025-10-13,Laura Rodriguez,laura.rodriguez58@hotmail.com,555-476-1962,"258 Broadway, New York, USA",4480-7076-8787-6332,Sports,1118.18,Debit Card
TXN-10095,2025-06-07,Emily Smith,emily.smith21@gmail.com,555-985-2129,"311 Park Ave, New York, USA",4416-8511-7756-7294,Books,708.78,Debit Card
TXN-10096,2025-03-30,Robert Johnson,robert.johnson23@hotmail.com,555-586-3700,"685 Pine St, New York, USA",4880-4740-7715-2903,Automotive,1302.15,Bank Transfer
TXN-10097,2025-07-31,John Rodriguez,john.rodriguez69@yahoo.com,555-466-1839,"863 Oak Ln, Chicago, USA",4418-3499-5181-2557,Home & Garden,774.04,Credit Card
TXN-10098,2025-12-22,Laura Smith,laura.smith29@yahoo.com,555-653-2375,"626 Oak Ln, Houston, USA",4465-2985-9418-1583,Automotive,40.81,Credit Card
TXN-10099,2025-08-26,David Johnson,david.johnson13@company.net,555-730-8346,"204 Oak Ln, Los Angeles, USA",4130-2156-1067-4799,Sports,745.31,PayPal
TXN-10100,2025-09-15,Laura Brown,laura.brown53@gmail.com,555-232-4537,"150 Oak Ln, Los Angeles, USA",4252-5829-9301-4451,Electronics,1110.07,Bank Transfer
TXN-10101,2025-04-30,Linda Jones,linda.jones16@gmail.com,555-215-1337,"145 Oak Ln, Los Angeles, USA",4974-4216-7001-2148,Fashion,853.06,PayPal
TXN-10102,2025-05-13,John Martinez,john.martinez35@gmail.com,555-603-3064,"114 Cedar Dr, Phoenix, USA",4949-7263-2221-7727,Automotive,1313.71,Credit Card
TXN-10103,2025-10-23,David Garcia,david.garcia16@yahoo.com,555-472-6696,"533 Cedar Dr, Los Angeles, USA",4995-6176-1494-9438,Electronics,731.46,Debit Card
TXN-10104,2025-09-17,John Johnson,john.johnson90@company.net,555-102-7584,"644 Main St, Chicago, USA",4839-2155-8523-1293,Automotive,209.77,Bank Transfer
TXN-10105,2025-05-13,Sarah Williams,sarah.williams88@hotmail.com,555-930-3699,"388 Main St, Chicago, USA",4083-4279-5412-7421,Automotive,1046.32,Bank Transfer
TXN-10106,2025-09-24,Emily Garcia,emily.garcia6@yahoo.com,555-602-1286,"151 Main St, New York, USA",4415-5745-9978-9500,Fashion,1167.04,Bank Transfer
TXN-10107,2025-06-18,Linda Williams,linda.williams27@gmail.com,555-645-1062,"752 Cedar Dr, Los Angeles, USA",4130-5801-6741-2205,Fashion,1062.13,Bank Transfer
TXN-10108,2025-05-23,Robert Brown,robert.brown80@company.net,555-348-8213,"489 Broadway, Los Angeles, USA",4112-7969-1699-2326,Electronics,902.94,Credit Card
TXN-10109,2025-09-26,John Williams,john.williams51@company.net,555-500-2924,"261 Park Ave, Houston, USA",4733-5713-4923-6757,Automotive,1380.61,PayPal
TXN-10110,2026-01-01,Linda Rodriguez,linda.rodriguez85@company.net,555-648-3413,"319 Oak Ln, Houston, USA",4685-4045-7952-8495,Books,429.35,PayPal
TXN-10111,2025-04-06,Robert Jones,robert.jones85@hotmail.com,555-806-8210,"952 Main St, Los Angeles, USA",4431-7437-2860-4121,Books,1173.93,Debit Card
TXN-10112,2025-12-11,Laura Miller,laura.miller25@company.net,555-638-4959,"131 Pine St, New York, USA",4141-2005-9227-5353,Sports,803.28,Debit Card
TXN-10113,2025-06-15,Daniel Martinez,daniel.martinez38@company.net,555-676-1583,"868 Park Ave, Houston, USA",4827-3290-3221-4208,Books,1319.61,Credit Card
TXN-10114,2025-05-21,David Martinez,david.martinez11@yahoo.com,555-720-3794,"437 Park Ave, Houston, USA",4111-7590-9295-6544,Fashion,513.09,Debit Card
TXN-10115,2025-01-15,Emily Rodriguez,emily.rodriguez1@company.net,555-396-5606,"305 Park Ave, Houston, USA",4204-7777-8126-8417,Electronics,878.97,PayPal
TXN-10116,2025-06-08,Robert Jones,robert.jones18@hotmail.com,555-986-2025,"838 Broadway, Phoenix, USA",4151-1530-2874-2663,Home & Garden,1416.73,Bank Transfer
TXN-10117,2025-06-12,Linda Miller,linda.miller23@yahoo.com,555-147-6895,"98 Pine St, Phoenix, USA",4812-3973-9611-3222,Electronics,72.95,Credit Card
TXN-10118,2025-08-01,Emily Garcia,emily.garcia96@gmail.com,555-727-8791,"785 Oak Ln, Houston, USA",4216-6266-8762-5404,Books,1160.4,Credit Card
TXN-10119,2025-07-07,Laura Rodriguez,laura.rodriguez5@company.net,555-461-5515,"966 Cedar Dr, Chicago, USA",4218-5995-3596-6095,Electronics,353.74,Bank Transfer
TXN-10120,2025-05-27,Jane Williams,jane.williams30@gmail.com,555-563-6724,"697 Main St, Houston, USA",4499-3361-2295-2049,Fashion,183.45,Credit Card
TXN-10121,2025-04-18,David Williams,david.williams63@hotmail.com,555-734-7905,"527 Park Ave, New York, USA",4740-9401-3876-9556,Sports,918.87,PayPal
TXN-10122,2025-10-14,Jane Brown,jane.brown62@hotmail.com,555-221-5248,"998 Pine St, Los Angeles, USA",4669-4877-6077-9039,Automotive,1127.85,PayPal
TXN-10123,2025-08-21,Laura Miller,laura.miller9@hotmail.com,555-358-8523,"356 Main St, Chicago, USA",4270-8138-2321-7486,Home & Garden,573.21,Debit Card
TXN-10124,2025-12-06,Laura Garcia,laura.garcia11@gmail.com,555-891-5907,"841 Main St, Houston, USA",4154-2105-3364-9080,Books,275.5,PayPal
TXN-10125,2025-01-04,Robert Jones,robert.jones62@company.net,555-758-4595,"440 Park Ave, Phoenix, USA",4258-8032-8729-1579,Books,682.06,Bank Transfer
TXN-10126,2025-08-05,Jane Rodriguez,jane.rodriguez71@yahoo.com,555-687-2587,"381 Oak Ln, Houston, USA",4515-2124-6158-9069,Fashion,76.55,Credit Card
TXN-10127,2025-12-17,Michael Martinez,michael.martinez61@gmail.com,555-178-4220,"212 Cedar Dr, Los Angeles, USA",4148-6556-1582-3903,Automotive,1283.2,Bank Transfer
TXN-10128,2025-09-02,Jane Smith,jane.smith2@yahoo.com,555-275-7511,"245 Main St, New York, USA",4348-1023-1526-3491,Books,1023.04,PayPal
TXN-10129,2025-04-29,Laura Garcia,laura.garcia50@hotmail.com,555-176-7495,"285 Broadway, Los Angeles, USA",4609-6455-8686-3821,Sports,609.76,Credit Card
TXN-10130,2025-02-13,John Brown,john.brown55@gmail.com,555-328-4452,"150 Cedar Dr, Chicago, USA",4534-8472-6216-9203,Books,551.52,Credit Card
TXN-10131,2025-11-21,Emily Rodriguez,emily.rodriguez9@yahoo.com,555-750-5227,"573 Cedar Dr, New York, USA",4148-1894-5498-3739,Books,1445.99,Debit Card
TXN-10132,2025-01-21,Emily Martinez,emily.martinez34@hotmail.com,555-516-9385,"898 Cedar Dr, New York, USA",4251-7058-7509-8501,Toys & Games,193.16,PayPal
TXN-10133,2025-05-16,David Brown,david.brown91@company.net,555-196-8128,"45 Pine St, New York, USA",4181-7296-5655-3645,Sports,1248.26,Debit Card
TXN-10134,2025-03-30,David Smith,david.smith25@hotmail.com,555-388-2101,"133 Broadway, Chicago, USA",4953-1449-3609-9399,Home & Garden,331.8,PayPal
TXN-10135,2025-03-01,Sarah Smith,sarah.smith36@company.net,555-951-9090,"229 Park Ave, Phoenix, USA",4282-3595-9256-3016,Automotive,1260.48,Credit Card
TXN-10136,2025-03-10,Daniel Martinez,daniel.martinez40@company.net,555-566-5915,"765 Broadway, Los Angeles, USA",4132-5725-4144-3303,Sports,1011.87,Credit Card
TXN-10137,2025-01-03,Laura Smith,laura.smith99@company.net,555-942-9225,"211 Pine St, New York, USA",4241-5169-4473-4636,Books,1114.82,Credit Card
TXN-10138,2025-05-27,Linda Rodriguez,linda.rodriguez32@company.net,555-433-6703,"372 Pine St, Phoenix, USA",4565-6999-7853-9032,Books,1371.11,PayPal
TXN-10139,2025-02-20,Jane Rodriguez,jane.rodriguez48@company.net,555-690-7740,"943 Oak Ln, Houston, USA",4407-9786-7351-6589,Toys & Games,939.67,Bank Transfer
TXN-10140,2025-03-06,John Jones,john.jones53@yahoo.com,555-762-5219,"301 Main St, Houston, USA",4045-9997-5231-7360,Books,1344.87,Bank Transfer
TXN-10141,2025-02-15,Sarah Garcia,sarah.garcia90@gmail.com,555-177-7793,"747 Cedar Dr, Houston, USA",4765-4100-8070-5315,Sports,1311.26,PayPal
TXN-10142,2025-07-06,Linda Garcia,linda.garcia64@company.net,555-878-4162,"376 Main St, Chicago, USA",4482-3716-7053-8527,Sports,624.47,Debit Card
TXN-10143,2025-02-04,David Brown,david.brown93@gmail.com,555-333-2490,"10 Oak Ln, Chicago, USA",4401-9028-2924-5122,Sports,883.03,Debit Card
TXN-10144,2025-02-17,Daniel Davis,daniel.davis79@hotmail.com,555-671-9033,"640 Broadway, Phoenix, USA",4615-7075-1838-9871,Toys & Games,950.41,Bank Transfer
TXN-10145,2025-11-02,David Johnson,david.johnson1@yahoo.com,555-171-1865,"78 Park Ave, Chicago, USA",4462-2684-5769-8214,Toys & Games,387.59,Debit Card
TXN-10146,2025-11-20,Emily Garcia,emily.garcia7@hotmail.com,555-285-5113,"290 Pine St, Los Angeles, USA",4537-5614-9189-3495,Electronics,472.45,Credit Card
TXN-10147,2025-01-27,John Davis,john.davis87@gmail.com,555-769-5412,"658 Oak Ln, Chicago, USA",4587-5489-1836-2893,Home & Garden,199.54,Bank Transfer
TXN-10148,2025-04-18,Laura Johnson,laura.johnson55@hotmail.com,555-970-2535,"356 Oak Ln, Houston, USA",4514-3903-9384-7665,Electronics,29.89,Credit Card
TXN-10149,2025-05-14,David Jones,david.jones71@hotmail.com,555-130-6283,"914 Oak Ln, New York, USA",4426-7776-4278-4243,Automotive,742.23,Bank Transfer
TXN-10150,2025-08-17,Michael Miller,michael.miller77@gmail.com,555-834-5911,"67 Oak Ln, Phoenix, USA",4781-1699-8717-6982,Home & Garden,466.79,Credit Card
TXN-10151,2025-07-05,Robert Davis,robert.davis16@yahoo.com,555-383-1980,"539 Oak Ln, Chicago, USA",4296-8344-3830-7030,Books,467.15,Debit Card
TXN-10152,2025-06-23,Daniel Brown,daniel.brown97@hotmail.com,555-533-9997,"171 Cedar Dr, Los Angeles, USA",4150-5481-8890-7800,Automotive,1279.81,PayPal
TXN-10153,2025-12-08,David Brown,david.brown35@yahoo.com,555-367-5214,"36 Broadway, Houston, USA",4680-9363-6533-7985,Automotive,374.86,Bank Transfer
TXN-10154,2025-04-11,Robert Williams,robert.williams95@hotmail.com,555-926-9703,"413 Park Ave, Phoenix, USA",4085-7401-3233-2505,Books,1443.33,Credit Card
TXN-10155,2025-12-20,Emily Martinez,emily.martinez7@yahoo.com,555-815-4585,"10 Cedar Dr, Los Angeles, USA",4708-3930-4346-7653,Fashion,232.11,PayPal
TXN-10156,2025-05-16,Sarah Brown,sarah.brown30@gmail.com,555-667-1230,"862 Cedar Dr, Houston, USA",4916-5515-7675-4937,Sports,435.71,Bank Transfer
TXN-10157,2025-12-02,Robert Williams,robert.williams3@hotmail.com,555-884-5097,"904 Main St, Houston, USA",4146-5493-7494-4429,Home & Garden,579.23,Bank Transfer
TXN-10158,2025-05-19,John Johnson,john.johnson52@company.net,555-646-7137,"36 Broadway, Los Angeles, USA",4652-6228-6531-7121,Electronics,537.78,PayPal
TXN-10159,2025-11-15,David Smith,david.smith77@company.net,555-659-3238,"146 Main St, Los Angeles, USA",4749-6463-3172-2015,Toys & Games,529.24,Credit Card
TXN-10160,2025-09-10,Emily Johnson,emily.johnson8@yahoo.com,555-833-1104,"37 Pine St, Houston, USA",4385-9303-5780-5579,Sports,1285.41,Bank Transfer
TXN-10161,2025-09-16,Michael Jones,michael.jones58@company.net,555-220-4882,"981 Park Ave, Chicago, USA",4754-4588-2499-9282,Home & Garden,1016.79,Credit Card
TXN-10162,2025-05-17,Robert Smith,robert.smith89@company.net,555-685-2991,"959 Park Ave, Chicago, USA",4683-7667-3458-5624,Automotive,1206.4,Debit Card
TXN-10163,2025-05-14,Linda Garcia,linda.garcia84@hotmail.com,555-414-1501,"319 Park Ave, New York, USA",4667-3554-2608-7233,Fashion,503.06,PayPal
TXN-10164,2025-04-23,Emily Davis,emily.davis98@gmail.com,555-156-5777,"30 Oak Ln, Houston, USA",4464-5866-2562-2665,Electronics,845.23,Credit Card
TXN-10165,2025-04-10,David Brown,david.brown86@hotmail.com,555-857-3444,"845 Cedar Dr, Los Angeles, USA",4924-3888-2838-3022,Home & Garden,526.27,Credit Card
TXN-10166,2025-08-21,Emily Jones,emily.jones7@gmail.com,555-799-7656,"275 Oak Ln, Chicago, USA",4411-5993-1144-1031,Electronics,1254.78,PayPal
TXN-10167,2025-01-22,David Brown,david.brown23@company.net,555-570-5847,"620 Park Ave, Houston, USA",4041-2100-6781-4355,Sports,525.25,Bank Transfer
TXN-10168,2025-11-26,Emily Smith,emily.smith61@gmail.com,555-317-3171,"322 Main St, Los Angeles, USA",4468-2309-2235-9715,Books,954.28,Debit Card
TXN-10169,2025-06-23,Daniel Miller,daniel.miller76@gmail.com,555-297-5812,"348 Pine St, Chicago, USA",4304-4682-2054-1389,Electronics,134.06,PayPal
TXN-10170,2025-12-13,Jane Rodriguez,jane.rodriguez72@gmail.com,555-555-3845,"287 Broadway, Phoenix, USA",4541-7248-7591-4071,Toys & Games,138.67,Bank Transfer
TXN-10171,2025-09-10,Michael Jones,michael.jones89@gmail.com,555-103-1206,"20 Pine St, Houston, USA",4506-5663-3306-1719,Automotive,60.92,Debit Card
TXN-10172,2025-09-26,Emily Garcia,emily.garcia69@yahoo.com,555-817-8196,"23 Broadway, Chicago, USA",4484-5250-7494-5306,Automotive,1252.06,Debit Card
TXN-10173,2025-07-22,Daniel Garcia,daniel.garcia81@hotmail.com,555-659-1672,"710 Main St, Phoenix, USA",4930-9173-6848-4996,Sports,686.08,PayPal
TXN-10174,2025-08-02,Sarah Johnson,sarah.johnson73@yahoo.com,555-552-4541,"536 Broadway, New York, USA",4666-6574-5912-4046,Books,1259.45,Credit Card
TXN-10175,2025-10-12,Daniel Smith,daniel.smith9@company.net,555-387-5542,"528 Broadway, Los Angeles, USA",4804-1123-6841-4221,Electronics,1257.55,Bank Transfer
TXN-10176,2025-04-14,John Williams,john.williams60@yahoo.com,555-841-2708,"860 Park Ave, Houston, USA",4400-2954-3462-7042,Sports,1376.16,PayPal
TXN-10177,2025-06-14,Laura Jones,laura.jones42@hotmail.com,555-548-3120,"791 Cedar Dr, Los Angeles, USA",4330-6500-3675-5475,Home & Garden,358.32,Debit Card
TXN-10178,2025-09-11,Daniel Martinez,daniel.martinez15@company.net,555-356-9587,"179 Pine St, Los Angeles, USA",4535-2079-4085-6040,Toys & Games,1195.17,Credit Card
TXN-10179,2025-12-20,Jane Miller,jane.miller8@hotmail.com,555-911-8793,"810 Oak Ln, New York, USA",4560-1700-8699-4127,Fashion,1051.23,Credit Card
TXN-10180,2025-05-09,David Rodriguez,david.rodriguez74@hotmail.com,555-612-9433,"257 Park Ave, Chicago, USA",4327-6043-9498-6159,Fashion,1474.88,Debit Card
TXN-10181,2025-07-15,Michael Williams,michael.williams70@hotmail.com,555-653-2047,"695 Main St, Los Angeles, USA",4175-7862-6218-3574,Electronics,767.79,Bank Transfer
TXN-10182,2025-02-15,Sarah Johnson,sarah.johnson82@yahoo.com,555-248-5559,"772 Oak Ln, Chicago, USA",4248-1342-4681-5256,Home & Garden,1114.3,Debit Card
TXN-10183,2025-11-04,Daniel Miller,daniel.miller42@yahoo.com,555-188-8270,"561 Oak Ln, Houston, USA",4422-8632-3951-5931,Home & Garden,936.77,Debit Card
TXN-10184,2025-10-23,Emily Miller,emily.miller95@yahoo.com,555-304-5239,"29 Main St, New York, USA",4759-9676-4196-9719,Sports,999.88,Credit Card
TXN-10185,2025-01-14,Jane Johnson,jane.johnson71@company.net,555-459-4559,"713 Park Ave, Phoenix, USA",4019-8983-8401-1524,Fashion,809.07,PayPal
TXN-10186,2025-12-26,Laura Garcia,laura.garcia35@hotmail.com,555-568-1360,"207 Park Ave, Phoenix, USA",4304-2979-4317-8847,Books,943.28,Bank Transfer
TXN-10187,2025-11-27,Daniel Smith,daniel.smith62@yahoo.com,555-823-7703,"399 Park Ave, Phoenix, USA",4553-5711-7323-7317,Electronics,815.39,Credit Card
TXN-10188,2025-05-12,Sarah Smith,sarah.smith61@company.net,555-916-4696,"399 Main St, Houston, USA",4925-7454-2650-2752,Electronics,590.69,Bank Transfer
TXN-10189,2025-11-19,Robert Johnson,robert.johnson67@yahoo.com,555-290-5164,"107 Park Ave, New York, USA",4465-1844-4514-6711,Electronics,1444.6,Bank Transfer
TXN-10190,2025-02-10,Michael Rodriguez,michael.rodriguez33@hotmail.com,555-162-1941,"251 Pine St, Chicago, USA",4898-1236-5825-2332,Fashion,1048.18,Debit Card
TXN-10191,2025-11-26,Sarah Garcia,sarah.garcia77@yahoo.com,555-811-3660,"488 Pine St, Phoenix, USA",4848-8695-1978-3914,Automotive,254.08,PayPal
TXN-10192,2025-04-24,David Garcia,david.garcia98@yahoo.com,555-162-9240,"448 Oak Ln, Los Angeles, USA",4800-2874-4821-1209,Fashion,1297.31,Credit Card
TXN-10193,2025-12-28,Daniel Williams,daniel.williams23@hotmail.com,555-824-6358,"193 Pine St, Los Angeles, USA",4348-7417-3240-9587,Toys & Games,923.51,Credit Card
TXN-10194,2025-01-12,Robert Jones,robert.jones54@yahoo.com,555-534-5378,"236 Main St, Chicago, USA",4857-6770-3953-8894,Fashion,250.49,Bank Transfer
TXN-10195,2025-08-07,David Rodriguez,david.rodriguez25@yahoo.com,555-761-4342,"78 Pine St, Los Angeles, USA",4219-7857-1868-3971,Automotive,1201.9,Bank Transfer
TXN-10196,2025-11-01,Daniel Williams,daniel.williams9@company.net,555-921-6934,"741 Oak Ln, Phoenix, USA",4971-8878-5155-6053,Fashion,236.65,Debit Card
TXN-10197,2025-06-22,Linda Smith,linda.smith35@yahoo.com,555-736-2275,"91 Oak Ln, Los Angeles, USA",4227-8032-1650-8786,Fashion,993.45,Credit Card
TXN-10198,2025-06-08,David Miller,david.miller87@company.net,555-682-8229,"297 Broadway, Los Angeles, USA",4199-1768-2113-6222,Toys & Games,699.97,Debit Card
TXN-10199,2025-08-28,Michael Jones,michael.jones51@yahoo.com,555-701-3082,"310 Park Ave, Chicago, USA",4859-4704-2462-1256,Electronics,1312.9,Bank Transfer
TXN-10200,2025-09-06,Emily Brown,emily.brown74@yahoo.com,555-633-1440,"423 Main St, Phoenix, USA",4428-6976-1918-7263,Toys & Games,1494.8,Debit Card
TXN-10201,2025-10-03,Sarah Williams,sarah.williams26@company.net,555-816-2911,"522 Cedar Dr, Chicago, USA",4367-2538-6453-4430,Electronics,939.0,Credit Card
TXN-10202,2025-12-31,Linda Rodriguez,linda.rodriguez32@gmail.com,555-766-3583,"563 Park Ave, New York, USA",4678-3802-4680-4031,Fashion,1378.58,Bank Transfer
TXN-10203,2025-10-09,Robert Miller,robert.miller25@gmail.com,555-697-8250,"338 Oak Ln, Houston, USA",4618-9686-1603-8261,Electronics,1059.23,Credit Card
TXN-10204,2025-02-14,Robert Jones,robert.jones71@company.net,555-905-3961,"681 Pine St, Chicago, USA",4558-4020-6469-1487,Home & Garden,1099.67,PayPal
TXN-10205,2025-06-12,Daniel Brown,daniel.brown77@gmail.com,555-712-5464,"739 Pine St, Chicago, USA",4173-6640-3560-8161,Automotive,1488.81,Credit Card
TXN-10206,2025-11-02,Sarah Brown,sarah.brown97@yahoo.com,555-202-3581,"843 Park Ave, Los Angeles, USA",4611-7075-1692-4553,Toys & Games,1145.83,Credit Card
TXN-10207,2025-03-22,Michael Miller,michael.miller17@yahoo.com,555-438-3826,"32 Park Ave, Phoenix, USA",4968-9979-7447-5220,Toys & Games,626.89,Credit Card
TXN-10208,2025-06-12,Daniel Martinez,daniel.martinez53@hotmail.com,555-141-3053,"727 Park Ave, New York, USA",4825-8172-9293-3671,Books,151.23,Debit Card
TXN-10209,2025-12-23,David Jones,david.jones99@hotmail.com,555-637-3419,"688 Cedar Dr, Phoenix, USA",4731-9749-4165-6092,Automotive,794.06,Debit Card
TXN-10210,2025-10-16,Michael Miller,michael.miller40@company.net,555-477-8771,"202 Pine St, Phoenix, USA",4801-8091-5580-5979,Books,1183.49,Credit Card
TXN-10211,2025-03-22,John Johnson,john.johnson46@yahoo.com,555-729-9677,"652 Broadway, Chicago, USA",4353-5949-9276-8723,Books,934.76,Credit Card
TXN-10212,2025-08-23,John Miller,john.miller81@gmail.com,555-776-4590,"52 Pine St, Chicago, USA",4212-3896-6257-4911,Home & Garden,657.59,Bank Transfer
TXN-10213,2025-10-10,Jane Miller,jane.miller71@yahoo.com,555-730-7860,"190 Pine St, Phoenix, USA",4279-7953-8720-1494,Automotive,1182.02,Bank Transfer
TXN-10214,2025-10-14,Emily Rodriguez,emily.rodriguez99@gmail.com,555-983-9469,"943 Broadway, Houston, USA",4474-5807-5461-1138,Toys & Games,498.81,Credit Card
TXN-10215,2025-10-30,Robert Smith,robert.smith5@hotmail.com,555-204-3044,"308 Oak Ln, Houston, USA",4007-9333-7985-7492,Sports,1293.72,Bank Transfer
TXN-10216,2025-07-21,David Rodriguez,david.rodriguez17@gmail.com,555-442-4032,"248 Cedar Dr, Chicago, USA",4261-3231-4447-4794,Toys & Games,948.0,PayPal
TXN-10217,2025-10-05,John Brown,john.brown72@gmail.com,555-751-6689,"460 Broadway, Chicago, USA",4358-2204-7464-9153,Home & Garden,1498.13,PayPal
TXN-10218,2025-01-16,Linda Smith,linda.smith37@company.net,555-593-6909,"973 Park Ave, Los Angeles, USA",4295-2365-1908-9635,Fashion,433.51,Debit Card
TXN-10219,2025-09-27,Emily Garcia,emily.garcia74@hotmail.com,555-316-7197,"762 Park Ave, Chicago, USA",4809-7018-6319-8988,Fashion,344.03,PayPal
TXN-10220,2025-09-20,Laura Brown,laura.brown93@hotmail.com,555-245-2328,"72 Cedar Dr, Los Angeles, USA",4821-4830-5708-6688,Home & Garden,1455.23,Debit Card
TXN-10221,2025-03-17,Linda Johnson,linda.johnson83@hotmail.com,555-414-8292,"151 Main St, Los Angeles, USA",4739-1873-2720-2211,Books,381.84,Debit Card
TXN-10222,2025-10-05,Sarah Johnson,sarah.johnson32@hotmail.com,555-567-7740,"641 Main St, New York, USA",4571-8913-3925-6385,Automotive,1185.58,PayPal
TXN-10223,2025-05-22,Daniel Miller,daniel.miller24@gmail.com,555-961-7782,"929 Broadway, Houston, USA",4845-7536-6119-6294,Fashion,538.61,Credit Card
TXN-10224,2025-07-15,Linda Miller,linda.miller82@yahoo.com,555-899-5826,"912 Main St, Chicago, USA",4479-2678-2879-9708,Sports,1378.12,Bank Transfer
TXN-10225,2025-03-26,Laura Williams,laura.williams10@yahoo.com,555-241-9623,"952 Main St, Chicago, USA",4443-5259-6262-5277,Sports,293.46,PayPal
TXN-10226,2025-01-28,Laura Brown,laura.brown16@hotmail.com,555-912-4466,"976 Oak Ln, Chicago, USA",4344-1536-6419-6859,Sports,853.44,Credit Card
TXN-10227,2025-08-02,Daniel Rodriguez,daniel.rodriguez40@company.net,555-690-4914,"887 Oak Ln, Phoenix, USA",4256-4132-8481-9251,Automotive,1217.31,PayPal
TXN-10228,2025-02-17,Daniel Smith,daniel.smith12@company.net,555-136-7664,"171 Pine St, Houston, USA",4736-7993-8678-7041,Electronics,64.62,PayPal
TXN-10229,2025-09-20,Daniel Miller,daniel.miller17@hotmail.com,555-126-9174,"181 Park Ave, New York, USA",4950-2909-2291-5882,Toys & Games,772.02,Debit Card
TXN-10230,2025-11-13,David Miller,david.miller37@hotmail.com,555-969-2684,"144 Cedar Dr, Houston, USA",4829-6963-7256-2719,Books,202.55,Bank Transfer
TXN-10231,2025-03-17,Jane Rodriguez,jane.rodriguez78@gmail.com,555-926-5022,"43 Main St, Houston, USA",4380-1956-6476-6275,Sports,233.83,PayPal
TXN-10232,2025-08-17,Sarah Williams,sarah.williams95@hotmail.com,555-682-4163,"712 Main St, Chicago, USA",4191-3367-2107-6910,Books,1191.63,Credit Card
TXN-10233,2025-06-05,Emily Martinez,emily.martinez38@yahoo.com,555-650-6714,"221 Broadway, Chicago, USA",4779-2115-7808-5073,Electronics,767.56,Bank Transfer
TXN-10234,2025-05-16,Jane Smith,jane.smith20@gmail.com,555-617-3910,"726 Park Ave, New York, USA",4710-7209-7400-1185,Toys & Games,1095.08,Credit Card
TXN-10235,2025-04-05,David Martinez,david.martinez84@company.net,555-806-2095,"961 Broadway, Chicago, USA",4511-2386-3961-9130,Home & Garden,303.24,PayPal
TXN-10236,2025-12-20,John Jones,john.jones47@yahoo.com,555-537-9732,"715 Pine St, Los Angeles, USA",4168-4303-3349-8529,Sports,451.15,Debit Card
TXN-10237,2025-06-30,Emily Miller,emily.miller90@yahoo.com,555-187-8509,"965 Pine St, Phoenix, USA",4254-7446-8044-6402,Books,126.92,Bank Transfer
TXN-10238,2025-03-14,Linda Brown,linda.brown22@hotmail.com,555-905-5953,"235 Main St, New York, USA",4840-9059-2303-4109,Sports,538.23,PayPal
TXN-10239,2025-06-09,David Davis,david.davis93@company.net,555-137-3777,"213 Broadway, Chicago, USA",4364-5506-3522-7472,Sports,449.2,PayPal
TXN-10240,2025-05-01,David Brown,david.brown63@company.net,555-833-8811,"849 Main St, Los Angeles, USA",4060-3088-1370-6268,Electronics,330.45,PayPal
TXN-10241,2025-03-04,Michael Martinez,michael.martinez40@hotmail.com,555-533-8329,"442 Park Ave, Chicago, USA",4652-3970-8585-5112,Books,1416.44,Bank Transfer
TXN-10242,2025-11-22,Linda Miller,linda.miller74@company.net,555-358-3866,"319 Pine St, New York, USA",4618-2385-4619-2482,Electronics,291.56,Bank Transfer
TXN-10243,2025-07-18,Emily Davis,emily.davis74@company.net,555-184-9251,"595 Cedar Dr, Chicago, USA",4196-3065-7989-7016,Automotive,1155.76,Bank Transfer
TXN-10244,2025-11-02,Sarah Martinez,sarah.martinez81@hotmail.com,555-615-9716,"771 Oak Ln, Phoenix, USA",4186-8614-9690-6755,Home & Garden,351.03,Credit Card
TXN-10245,2025-10-23,Laura Garcia,laura.garcia14@yahoo.com,555-439-2812,"865 Park Ave, Los Angeles, USA",4036-3523-3472-1123,Automotive,305.06,Credit Card
TXN-10246,2025-12-10,Jane Johnson,jane.johnson7@hotmail.com,555-440-2145,"798 Pine St, Los Angeles, USA",4149-5386-8436-6059,Automotive,1131.44,Bank Transfer
TXN-10247,2025-09-14,Daniel Smith,daniel.smith85@company.net,555-638-7268,"45 Cedar Dr, Chicago, USA",4578-4409-3798-7287,Sports,198.53,PayPal
TXN-10248,2025-03-12,Robert Jones,robert.jones22@hotmail.com,555-722-6163,"322 Oak Ln, Houston, USA",4197-4032-4384-6654,Toys & Games,406.53,Bank Transfer
TXN-10249,2025-06-23,Jane Williams,jane.williams19@yahoo.com,555-264-3447,"376 Main St, Los Angeles, USA",4660-1304-5787-5056,Toys & Games,652.35,PayPal
TXN-10250,2025-03-08,John Rodriguez,john.rodriguez11@yahoo.com,555-571-6760,"92 Pine St, Chicago, USA",4588-7334-6063-6466,Electronics,491.68,Debit Card
TXN-10251,2025-09-10,Emily Williams,emily.williams31@company.net,555-718-1957,"10 Oak Ln, Los Angeles, USA",4353-8660-8466-3137,Fashion,693.14,Bank Transfer
TXN-10252,2025-07-18,David Johnson,david.johnson49@gmail.com,555-154-4199,"44 Main St, Los Angeles, USA",4902-8937-2289-7552,Fashion,1492.46,PayPal
TXN-10253,2025-07-11,Linda Smith,linda.smith83@company.net,555-703-1667,"616 Oak Ln, Los Angeles, USA",4369-1957-5763-3237,Toys & Games,276.6,Debit Card
TXN-10254,2025-12-22,Emily Martinez,emily.martinez81@hotmail.com,555-153-5997,"393 Broadway, New York, USA",4444-5361-4951-1025,Sports,932.58,Credit Card
TXN-10255,2025-08-20,Emily Jones,emily.jones40@gmail.com,555-986-9700,"141 Main St, Phoenix, USA",4685-4140-4787-1939,Automotive,783.9,Debit Card
TXN-10256,2025-09-13,Michael Johnson,michael.johnson92@company.net,555-839-9402,"828 Main St, Los Angeles, USA",4339-7548-8464-5669,Sports,1211.12,Debit Card
TXN-10257,2025-02-13,Jane Jones,jane.jones46@hotmail.com,555-189-3616,"556 Broadway, Chicago, USA",4472-2042-9816-5482,Sports,230.58,PayPal
TXN-10258,2025-12-01,David Williams,david.williams30@company.net,555-284-8859,"606 Oak Ln, Phoenix, USA",4960-2131-1893-1260,Automotive,49.86,PayPal
TXN-10259,2025-10-18,Sarah Martinez,sarah.martinez82@hotmail.com,555-565-6015,"804 Park Ave, Houston, USA",4359-6522-9055-8017,Toys & Games,106.67,Bank Transfer
TXN-10260,2025-04-06,Emily Brown,emily.brown9@company.net,555-970-6897,"843 Cedar Dr, Los Angeles, USA",4542-3455-6602-5087,Home & Garden,1245.4,Credit Card
TXN-10261,2025-08-17,John Davis,john.davis9@hotmail.com,555-565-7776,"261 Park Ave, Phoenix, USA",4052-5358-4452-9480,Toys & Games,596.48,Debit Card
TXN-10262,2025-07-19,Linda Smith,linda.smith26@gmail.com,555-225-2941,"760 Pine St, Los Angeles, USA",4692-9614-6620-6642,Toys & Games,120.08,PayPal
TXN-10263,2025-04-28,Michael Smith,michael.smith16@yahoo.com,555-895-6322,"585 Pine St, Los Angeles, USA",4534-4450-7904-6148,Automotive,1069.56,PayPal
TXN-10264,2025-04-04,John Martinez,john.martinez91@hotmail.com,555-461-7648,"265 Oak Ln, Los Angeles, USA",4377-1474-5694-1518,Home & Garden,370.67,Credit Card
TXN-10265,2025-02-11,Emily Williams,emily.williams76@company.net,555-665-3504,"580 Park Ave, Los Angeles, USA",4277-9958-6306-3290,Fashion,242.18,Debit Card
TXN-10266,2025-01-09,David Smith,david.smith62@hotmail.com,555-479-6713,"522 Broadway, Phoenix, USA",4549-4187-6178-5644,Electronics,1116.35,PayPal
TXN-10267,2025-06-15,Emily Miller,emily.miller51@gmail.com,555-416-8087,"971 Broadway, Phoenix, USA",4591-3355-4288-3745,Toys & Games,431.97,PayPal
TXN-10268,2025-01-17,Robert Smith,robert.smith32@gmail.com,555-523-9092,"195 Pine St, New York, USA",4845-4634-1631-8611,Sports,1290.16,Debit Card
TXN-10269,2025-12-30,Michael Martinez,michael.martinez48@yahoo.com,555-975-4952,"354 Broadway, Los Angeles, USA",4205-7066-9397-3778,Sports,359.39,PayPal
TXN-10270,2025-10-17,Jane Johnson,jane.johnson22@company.net,555-174-5636,"300 Cedar Dr, Houston, USA",4152-8730-3392-6539,Toys & Games,699.22,PayPal
TXN-10271,2025-03-17,David Martinez,david.martinez66@company.net,555-650-3877,"262 Cedar Dr, Houston, USA",4427-2687-4094-5164,Toys & Games,296.44,Debit Card
TXN-10272,2025-06-21,John Miller,john.miller17@hotmail.com,555-478-2338,"281 Oak Ln, Houston, USA",4027-3766-2036-3672,Automotive,645.73,PayPal
TXN-10273,2025-01-29,David Smith,david.smith88@hotmail.com,555-898-3940,"799 Oak Ln, Chicago, USA",4958-8941-4106-8258,Automotive,310.18,Credit Card
TXN-10274,2025-03-30,Emily Jones,emily.jones37@company.net,555-311-9453,"869 Park Ave, Los Angeles, USA",4792-4852-7949-5765,Automotive,268.97,Bank Transfer
TXN-10275,2025-12-23,Linda Williams,linda.williams87@yahoo.com,555-919-8273,"986 Park Ave, New York, USA",4099-1742-9880-7051,Fashion,1110.77,PayPal
TXN-10276,2025-10-08,Linda Johnson,linda.johnson34@gmail.com,555-890-1750,"966 Park Ave, Los Angeles, USA",4829-4479-1376-4598,Fashion,404.91,Bank Transfer
TXN-10277,2025-11-25,Linda Davis,linda.davis85@gmail.com,555-363-4782,"325 Park Ave, Phoenix, USA",4983-9299-6747-8842,Sports,699.57,Bank Transfer
TXN-10278,2025-11-02,Emily Williams,emily.williams38@hotmail.com,555-261-5942,"329 Oak Ln, Los Angeles, USA",4415-3742-4579-6268,Automotive,246.42,PayPal
TXN-10279,2025-03-24,Laura Garcia,laura.garcia19@yahoo.com,555-493-6628,"905 Cedar Dr, New York, USA",4868-6939-5513-9923,Automotive,1223.18,Debit Card
TXN-10280,2025-07-29,Daniel Martinez,daniel.martinez79@hotmail.com,555-308-6826,"10 Broadway, Chicago, USA",4809-8749-7980-8671,Home & Garden,109.21,Bank Transfer
TXN-10281,2025-03-09,Jane Smith,jane.smith15@yahoo.com,555-308-9004,"754 Park Ave, Chicago, USA",4882-1277-6997-8056,Toys & Games,848.78,PayPal
TXN-10282,2025-06-17,Jane Jones,jane.jones3@company.net,555-312-8385,"864 Main St, New York, USA",4189-5843-3828-4160,Toys & Games,1025.23,Debit Card
TXN-10283,2025-01-27,Daniel Jones,daniel.jones87@gmail.com,555-754-9479,"357 Cedar Dr, Houston, USA",4349-5034-8888-6131,Automotive,739.55,PayPal
TXN-10284,2025-06-14,Emily Martinez,emily.martinez99@yahoo.com,555-394-3698,"81 Broadway, Phoenix, USA",4697-4800-8739-7261,Fashion,198.53,Bank Transfer
TXN-10285,2025-07-16,Emily Rodriguez,emily.rodriguez73@yahoo.com,555-386-2194,"400 Broadway, Chicago, USA",4744-3015-4211-4140,Books,82.23,PayPal
TXN-10286,2025-03-13,David Johnson,david.johnson38@company.net,555-329-1919,"342 Park Ave, Los Angeles, USA",4890-6793-2252-7060,Books,184.94,Credit Card
TXN-10287,2025-10-19,David Miller,david.miller76@yahoo.com,555-283-6890,"435 Broadway, Chicago, USA",4029-7171-7604-5134,Sports,885.8,PayPal
TXN-10288,2025-03-16,Emily Miller,emily.miller85@company.net,555-393-4295,"544 Pine St, Phoenix, USA",4947-1701-2187-9503,Automotive,662.71,Debit Card
TXN-10289,2025-01-29,Daniel Martinez,daniel.martinez78@yahoo.com,555-931-7655,"15 Cedar Dr, Chicago, USA",4427-4891-1785-7473,Toys & Games,32.21,Bank Transfer
TXN-10290,2025-09-04,David Davis,david.davis56@company.net,555-208-3393,"191 Cedar Dr, Houston, USA",4217-6502-9366-3892,Books,696.06,Credit Card
TXN-10291,2025-03-18,Linda Jones,linda.jones47@gmail.com,555-959-1513,"262 Cedar Dr, Houston, USA",4173-3376-6794-8745,Electronics,342.96,Debit Card
TXN-10292,2025-06-11,Jane Rodriguez,jane.rodriguez7@yahoo.com,555-602-3558,"912 Main St, Phoenix, USA",4895-8461-8414-9178,Books,1140.72,Credit Card
TXN-10293,2025-02-23,Linda Garcia,linda.garcia48@yahoo.com,555-639-5858,"528 Park Ave, Los Angeles, USA",4394-6431-1685-4164,Sports,1052.97,PayPal
TXN-10294,2025-01-22,Daniel Davis,daniel.davis38@yahoo.com,555-349-6207,"596 Pine St, Chicago, USA",4384-2262-5018-1190,Sports,554.29,Bank Transfer
TXN-10295,2025-02-26,Sarah Garcia,sarah.garcia26@hotmail.com,555-854-5205,"444 Pine St, Los Angeles, USA",4480-1059-4200-5149,Toys & Games,1314.77,Credit Card
TXN-10296,2025-11-06,Laura Miller,laura.miller91@gmail.com,555-875-3069,"637 Oak Ln, Los Angeles, USA",4056-2710-5524-9503,Books,127.68,PayPal
TXN-10297,2025-03-11,Jane Williams,jane.williams49@company.net,555-370-7617,"675 Oak Ln, Los Angeles, USA",4810-2611-1489-1967,Automotive,395.4,Debit Card
TXN-10298,2025-07-16,Daniel Jones,daniel.jones60@gmail.com,555-437-8183,"933 Park Ave, Chicago, USA",4868-8594-2084-2020,Books,1243.38,Debit Card
TXN-10299,2025-10-13,Sarah Jones,sarah.jones99@hotmail.com,555-132-5553,"98 Broadway, Chicago, USA",4810-2583-7574-5566,Electronics,290.26,Debit Card
TXN-10300,2025-05-03,Jane Jones,jane.jones98@yahoo.com,555-189-4237,"619 Pine St, Los Angeles, USA",4766-5688-9377-2040,Fashion,1181.33,Bank Transfer
TXN-10301,2025-05-19,Jane Johnson,jane.johnson51@hotmail.com,555-833-3501,"665 Oak Ln, Houston, USA",4394-9870-2088-3532,Automotive,898.58,Credit Card
TXN-10302,2025-11-04,Daniel Miller,daniel.miller58@gmail.com,555-978-2364,"433 Cedar Dr, Los Angeles, USA",4538-1046-3649-1087,Toys & Games,722.39,Debit Card
TXN-10303,2025-08-07,David Garcia,david.garcia80@company.net,555-430-7849,"930 Park Ave, Chicago, USA",4321-6416-6956-9570,Sports,1105.43,Bank Transfer
TXN-10304,2025-11-07,Jane Martinez,jane.martinez7@hotmail.com,555-851-8100,"24 Park Ave, Houston, USA",4623-8548-2385-5374,Books,362.93,Debit Card
TXN-10305,2025-10-04,John Davis,john.davis76@hotmail.com,555-607-9909,"788 Cedar Dr, Los Angeles, USA",4216-1685-1767-2121,Books,1438.95,Debit Card
TXN-10306,2025-03-01,Emily Johnson,emily.johnson6@yahoo.com,555-113-2442,"42 Main St, New York, USA",4416-3681-3942-2655,Sports,557.79,Bank Transfer
TXN-10307,2025-07-13,Emily Brown,emily.brown40@hotmail.com,555-959-5844,"366 Oak Ln, Phoenix, USA",4579-3269-8878-5142,Automotive,1092.7,Credit Card
TXN-10308,2025-01-22,Linda Smith,linda.smith12@yahoo.com,555-794-9648,"376 Pine St, Chicago, USA",4573-3286-3231-8392,Automotive,1138.86,Debit Card
TXN-10309,2025-04-14,John Garcia,john.garcia67@yahoo.com,555-412-8071,"681 Oak Ln, Phoenix, USA",4650-5694-3189-5691,Automotive,1353.25,Bank Transfer
TXN-10310,2025-04-08,Daniel Jones,daniel.jones9@yahoo.com,555-989-6425,"544 Broadway, New York, USA",4120-8344-2430-7667,Automotive,1119.46,Debit Card
TXN-10311,2025-09-11,Robert Miller,robert.miller64@gmail.com,555-152-5130,"912 Pine St, Chicago, USA",4606-6905-1290-1480,Books,539.89,Bank Transfer
TXN-10312,2025-01-15,Daniel Miller,daniel.miller69@company.net,555-880-2143,"166 Oak Ln, Los Angeles, USA",4376-6513-6828-2761,Electronics,1185.66,PayPal
TXN-10313,2025-12-19,Linda Jones,linda.jones59@hotmail.com,555-447-6323,"746 Broadway, Phoenix, USA",4027-6423-1489-8022,Electronics,526.63,Bank Transfer
TXN-10314,2025-11-21,Michael Martinez,michael.martinez66@company.net,555-701-7193,"454 Pine St, Phoenix, USA",4618-6639-6213-4359,Fashion,900.33,Bank Transfer
TXN-10315,2025-02-22,Jane Davis,jane.davis43@company.net,555-337-4697,"568 Pine St, Houston, USA",4480-7765-1907-4627,Automotive,397.71,Credit Card
TXN-10316,2025-08-30,Laura Jones,laura.jones50@hotmail.com,555-902-5781,"531 Broadway, Houston, USA",4393-1488-2514-6866,Home & Garden,707.74,Bank Transfer
TXN-10317,2025-08-10,Laura Brown,laura.brown32@gmail.com,555-914-9735,"901 Main St, Houston, USA",4264-8422-4844-7471,Fashion,1265.51,Bank Transfer
TXN-10318,2025-03-05,Sarah Williams,sarah.williams21@gmail.com,555-763-2480,"655 Cedar Dr, New York, USA",4637-5477-1338-8388,Home & Garden,632.21,PayPal
TXN-10319,2025-09-04,Linda Rodriguez,linda.rodriguez14@gmail.com,555-518-1165,"550 Broadway, Los Angeles, USA",4553-9384-9618-8382,Electronics,822.23,Bank Transfer
TXN-10320,2025-02-03,Jane Jones,jane.jones28@hotmail.com,555-543-2745,"216 Pine St, New York, USA",4520-7857-4528-2692,Sports,266.83,Credit Card
TXN-10321,2025-12-25,Robert Miller,robert.miller56@hotmail.com,555-231-3298,"942 Broadway, Los Angeles, USA",4090-5506-6759-5467,Sports,1267.66,Bank Transfer
TXN-10322,2025-02-11,Linda Martinez,linda.martinez22@hotmail.com,555-490-6853,"5 Pine St, Phoenix, USA",4943-1382-1021-8855,Automotive,1018.27,Credit Card
TXN-10323,2025-09-01,Daniel Jones,daniel.jones61@yahoo.com,555-894-8279,"324 Park Ave, Phoenix, USA",4665-5811-4852-9476,Fashion,767.97,Debit Card
TXN-10324,2025-08-01,Daniel Smith,daniel.smith33@company.net,555-936-8276,"546 Park Ave, Phoenix, USA",4849-9571-6426-8835,Home & Garden,38.63,PayPal
TXN-10325,2025-10-21,Michael Williams,michael.williams87@company.net,555-206-9196,"867 Park Ave, New York, USA",4543-4396-6531-7845,Toys & Games,1294.26,Bank Transfer
TXN-10326,2025-11-03,Emily Davis,emily.davis78@company.net,555-121-8206,"440 Cedar Dr, Phoenix, USA",4658-8596-1052-8332,Automotive,1012.52,Credit Card
TXN-10327,2025-05-30,Emily Smith,emily.smith77@yahoo.com,555-846-5401,"83 Main St, New York, USA",4736-9662-6612-4008,Electronics,822.71,Credit Card
TXN-10328,2025-05-29,Michael Rodriguez,michael.rodriguez2@yahoo.com,555-917-5857,"665 Broadway, Phoenix, USA",4790-3063-7927-4474,Electronics,637.91,PayPal
TXN-10329,2025-08-04,Sarah Rodriguez,sarah.rodriguez83@yahoo.com,555-743-1086,"838 Main St, New York, USA",4255-4642-9842-8368,Toys & Games,1307.62,Bank Transfer
TXN-10330,2025-12-07,Laura Williams,laura.williams30@company.net,555-275-5079,"126 Pine St, New York, USA",4077-4695-5319-7945,Fashion,1045.12,PayPal
TXN-10331,2025-01-21,John Williams,john.williams31@gmail.com,555-123-7542,"101 Broadway, Phoenix, USA",4035-8465-2541-2670,Sports,1440.67,Debit Card
TXN-10332,2025-04-20,Daniel Miller,daniel.miller15@company.net,555-282-3967,"344 Oak Ln, New York, USA",4484-2555-1994-3761,Fashion,907.59,Debit Card
TXN-10333,2025-07-21,Linda Davis,linda.davis57@yahoo.com,555-906-1402,"655 Pine St, New York, USA",4349-3343-4008-4854,Automotive,716.14,PayPal
TXN-10334,2025-07-03,Linda Smith,linda.smith92@gmail.com,555-256-9934,"890 Oak Ln, Los Angeles, USA",4630-8897-8388-2216,Toys & Games,72.66,Debit Card
TXN-10335,2025-06-26,Michael Johnson,michael.johnson65@gmail.com,555-776-2356,"643 Cedar Dr, Chicago, USA",4640-1919-3411-9917,Sports,798.34,Debit Card
TXN-10336,2025-07-07,David Johnson,david.johnson99@company.net,555-168-3220,"198 Pine St, Chicago, USA",4792-5076-7649-2695,Sports,632.46,Bank Transfer
TXN-10337,2025-06-13,Daniel Miller,daniel.miller61@yahoo.com,555-754-1970,"959 Cedar Dr, Los Angeles, USA",4915-4685-4787-5859,Electronics,785.3,Bank Transfer
TXN-10338,2025-03-08,Robert Williams,robert.williams7@hotmail.com,555-343-9272,"824 Park Ave, Phoenix, USA",4034-8208-4450-5740,Books,1086.95,PayPal
TXN-10339,2025-10-22,David Garcia,david.garcia96@gmail.com,555-777-7979,"870 Main St, Phoenix, USA",4906-9963-3663-7560,Automotive,1458.05,Credit Card
TXN-10340,2025-05-17,Laura Brown,laura.brown56@hotmail.com,555-724-8225,"523 Cedar Dr, New York, USA",4728-8332-6007-2634,Fashion,271.68,Debit Card
TXN-10341,2025-12-10,Laura Rodriguez,laura.rodriguez92@hotmail.com,555-314-6280,"245 Broadway, Los Angeles, USA",4956-2405-9092-8478,Home & Garden,115.86,Debit Card
TXN-10342,2025-03-20,Emily Garcia,emily.garcia21@yahoo.com,555-875-6295,"738 Park Ave, Phoenix, USA",4772-1908-6377-5488,Home & Garden,156.55,Bank Transfer
TXN-10343,2025-09-20,Emily Davis,emily.davis82@hotmail.com,555-816-8347,"967 Oak Ln, Houston, USA",4080-4670-1121-6739,Sports,1247.17,Bank Transfer
TXN-10344,2025-11-25,Sarah Martinez,sarah.martinez61@gmail.com,555-199-4136,"338 Main St, Phoenix, USA",4337-2459-2292-3485,Automotive,478.76,PayPal
TXN-10345,2025-01-13,John Smith,john.smith81@company.net,555-191-1452,"301 Pine St, Phoenix, USA",4821-3530-1303-7767,Electronics,1378.68,Debit Card
TXN-10346,2025-06-07,Jane Williams,jane.williams22@company.net,555-236-2693,"496 Pine St, Chicago, USA",4318-9367-3273-3487,Fashion,1087.17,PayPal
TXN-10347,2025-07-21,Robert Johnson,robert.johnson63@gmail.com,555-725-6767,"125 Pine St, Los Angeles, USA",4495-8577-6852-1660,Books,922.2,Credit Card
TXN-10348,2025-06-22,Robert Davis,robert.davis99@hotmail.com,555-388-6619,"36 Cedar Dr, Chicago, USA",4803-7540-9142-6986,Automotive,210.58,Bank Transfer
TXN-10349,2025-10-28,Sarah Johnson,sarah.johnson63@company.net,555-754-6485,"845 Broadway, Los Angeles, USA",4259-6596-6661-1628,Home & Garden,886.84,PayPal
TXN-10350,2025-02-14,David Johnson,david.johnson61@yahoo.com,555-621-5843,"56 Park Ave, Chicago, USA",4476-4126-1106-2603,Fashion,606.95,Credit Card
TXN-10351,2025-01-17,Sarah Miller,sarah.miller79@yahoo.com,555-208-9051,"170 Main St, Los Angeles, USA",4069-9254-2309-4175,Sports,764.93,Bank Transfer
TXN-10352,2025-06-14,John Martinez,john.martinez10@gmail.com,555-153-3762,"611 Main St, New York, USA",4014-9857-2559-4582,Automotive,753.92,Credit Card
TXN-10353,2025-02-28,Laura Davis,laura.davis74@hotmail.com,555-709-2715,"468 Park Ave, Chicago, USA",4995-8842-9962-5880,Home & Garden,1037.1,Bank Transfer
TXN-10354,2025-09-12,Michael Miller,michael.miller26@hotmail.com,555-697-2636,"433 Park Ave, New York, USA",4016-3304-4711-6386,Fashion,1319.94,Bank Transfer
TXN-10355,2025-01-02,Laura Garcia,laura.garcia58@yahoo.com,555-634-6187,"691 Broadway, Los Angeles, USA",4058-9607-9178-6765,Books,608.0,PayPal
TXN-10356,2025-02-13,Michael Martinez,michael.martinez24@company.net,555-417-8426,"994 Oak Ln, Phoenix, USA",4398-8724-7029-3459,Electronics,1151.41,PayPal
TXN-10357,2025-11-17,Laura Johnson,laura.johnson39@company.net,555-157-2679,"121 Pine St, Los Angeles, USA",4748-2080-5625-4592,Fashion,524.4,Credit Card
TXN-10358,2025-04-02,Daniel Garcia,daniel.garcia20@gmail.com,555-320-2430,"239 Oak Ln, Los Angeles, USA",4730-4450-9457-2991,Electronics,194.88,Bank Transfer
TXN-10359,2025-11-21,Michael Rodriguez,michael.rodriguez59@yahoo.com,555-251-1530,"178 Park Ave, Los Angeles, USA",4749-9556-6441-3687,Toys & Games,1285.75,PayPal
TXN-10360,2025-09-23,Robert Brown,robert.brown64@hotmail.com,555-210-8285,"918 Cedar Dr, New York, USA",4367-2753-7439-3348,Fashion,231.42,PayPal
TXN-10361,2025-01-02,Laura Jones,laura.jones39@yahoo.com,555-377-6959,"728 Broadway, New York, USA",4684-4214-1952-5356,Books,862.5,Debit Card
TXN-10362,2025-07-11,David Smith,david.smith27@gmail.com,555-205-9826,"280 Pine St, New York, USA",4829-7485-4449-2187,Books,263.41,PayPal
TXN-10363,2025-06-04,Jane Garcia,jane.garcia13@company.net,555-646-6434,"896 Park Ave, Phoenix, USA",4986-4202-1915-1370,Electronics,575.08,Bank Transfer
TXN-10364,2025-03-24,Jane Williams,jane.williams35@yahoo.com,555-885-4309,"479 Park Ave, Chicago, USA",4541-9727-7255-7169,Books,1022.71,PayPal
TXN-10365,2025-01-16,David Williams,david.williams89@hotmail.com,555-173-8663,"993 Park Ave, Phoenix, USA",4775-9348-4982-9409,Books,83.2,PayPal
TXN-10366,2025-03-29,David Williams,david.williams42@company.net,555-423-7110,"225 Main St, New York, USA",4431-5263-4374-8106,Toys & Games,1181.68,Debit Card
TXN-10367,2025-03-10,Sarah Jones,sarah.jones7@gmail.com,555-639-2771,"824 Pine St, Houston, USA",4641-4965-5044-9282,Sports,481.88,Debit Card
TXN-10368,2025-02-25,David Martinez,david.martinez74@company.net,555-371-6077,"259 Park Ave, New York, USA",4909-1874-8030-9394,Electronics,411.81,PayPal
TXN-10369,2025-05-20,Sarah Rodriguez,sarah.rodriguez50@gmail.com,555-855-6377,"826 Cedar Dr, Phoenix, USA",4734-5073-7014-5393,Automotive,731.73,Credit Card
TXN-10370,2025-12-19,Jane Rodriguez,jane.rodriguez37@gmail.com,555-958-7898,"629 Park Ave, Chicago, USA",4306-4134-6027-8659,Toys & Games,1167.24,Bank Transfer
TXN-10371,2025-06-27,Emily Jones,emily.jones19@hotmail.com,555-462-7054,"49 Main St, Chicago, USA",4977-6032-8672-2122,Toys & Games,127.87,Credit Card
TXN-10372,2025-04-30,Robert Johnson,robert.johnson66@gmail.com,555-281-4887,"831 Pine St, Los Angeles, USA",4411-6738-5274-6675,Toys & Games,1370.12,Debit Card
TXN-10373,2025-09-19,Linda Smith,linda.smith64@yahoo.com,555-961-6721,"671 Park Ave, Houston, USA",4447-3200-4311-2976,Electronics,971.54,Debit Card
TXN-10374,2025-09-12,Emily Brown,emily.brown1@yahoo.com,555-237-5489,"268 Park Ave, New York, USA",4105-9700-6029-2251,Electronics,955.49,Credit Card
TXN-10375,2025-12-09,David Brown,david.brown7@yahoo.com,555-266-1672,"597 Oak Ln, New York, USA",4610-9235-4270-6493,Electronics,688.11,Debit Card
TXN-10376,2025-07-01,Linda Martinez,linda.martinez86@company.net,555-839-5101,"670 Oak Ln, Houston, USA",4456-6714-2182-5083,Automotive,150.2,Debit Card
TXN-10377,2025-02-02,Michael Rodriguez,michael.rodriguez87@hotmail.com,555-950-1762,"16 Main St, Houston, USA",4468-9783-5551-5757,Automotive,228.21,PayPal
TXN-10378,2025-06-05,Sarah Brown,sarah.brown69@yahoo.com,555-384-9421,"215 Oak Ln, Chicago, USA",4090-3675-9169-3843,Fashion,1285.4,Bank Transfer
TXN-10379,2025-10-24,David Rodriguez,david.rodriguez19@gmail.com,555-994-1966,"971 Oak Ln, Phoenix, USA",4831-1883-5717-2070,Electronics,1063.39,Debit Card
TXN-10380,2025-05-19,Emily Jones,emily.jones28@yahoo.com,555-210-1303,"240 Broadway, Houston, USA",4858-6178-5509-6102,Toys & Games,1189.27,Bank Transfer
TXN-10381,2025-10-02,Daniel Johnson,daniel.johnson40@hotmail.com,555-224-6371,"440 Broadway, Houston, USA",4524-7166-4173-8702,Books,673.09,Debit Card
TXN-10382,2025-08-14,Robert Smith,robert.smith53@hotmail.com,555-213-6330,"249 Main St, Chicago, USA",4547-3785-2159-6842,Home & Garden,1163.15,Bank Transfer
TXN-10383,2025-12-24,Jane Jones,jane.jones78@company.net,555-105-9485,"103 Pine St, New York, USA",4314-2661-7637-1150,Electronics,1256.42,PayPal
TXN-10384,2025-05-31,David Williams,david.williams21@company.net,555-588-8830,"301 Pine St, Phoenix, USA",4621-9375-9418-1562,Electronics,603.23,Debit Card
TXN-10385,2025-05-30,Michael Miller,michael.miller89@gmail.com,555-184-5988,"763 Broadway, Houston, USA",4103-4748-5312-4642,Fashion,1278.21,Bank Transfer
TXN-10386,2025-09-29,Sarah Martinez,sarah.martinez7@yahoo.com,555-742-9191,"301 Oak Ln, Phoenix, USA",4289-8785-9907-4122,Sports,1162.0,Credit Card
TXN-10387,2025-07-17,Laura Johnson,laura.johnson88@yahoo.com,555-701-5532,"535 Park Ave, New York, USA",4731-2646-5008-6793,Fashion,1449.81,Debit Card
TXN-10388,2025-11-19,Jane Rodriguez,jane.rodriguez56@yahoo.com,555-241-1206,"415 Oak Ln, Houston, USA",4869-3277-9804-6501,Toys & Games,1049.2,Credit Card
TXN-10389,2025-01-15,Linda Martinez,linda.martinez63@gmail.com,555-631-2212,"684 Broadway, Chicago, USA",4584-7892-9661-1332,Books,887.98,PayPal
TXN-10390,2025-09-19,Linda Brown,linda.brown15@yahoo.com,555-999-5423,"362 Cedar Dr, Chicago, USA",4330-1099-1799-8365,Books,1061.09,Debit Card
TXN-10391,2025-07-28,Sarah Davis,sarah.davis53@gmail.com,555-820-3918,"973 Park Ave, Houston, USA",4890-6751-6230-5506,Sports,700.13,PayPal
TXN-10392,2025-07-21,Emily Jones,emily.jones62@gmail.com,555-894-9504,"909 Broadway, Los Angeles, USA",4935-5904-8037-8080,Toys & Games,480.71,Credit Card
TXN-10393,2025-09-26,Sarah Brown,sarah.brown9@gmail.com,555-630-4174,"123 Oak Ln, Houston, USA",4116-7177-3575-3751,Home & Garden,544.54,PayPal
TXN-10394,2025-08-11,Linda Johnson,linda.johnson33@hotmail.com,555-107-9367,"34 Broadway, New York, USA",4460-2724-3828-4027,Books,853.42,Credit Card
TXN-10395,2025-05-24,Laura Martinez,laura.martinez23@company.net,555-373-4776,"256 Pine St, Los Angeles, USA",4633-3572-3148-7173,Fashion,241.07,Credit Card
TXN-10396,2025-08-06,Jane Brown,jane.brown90@gmail.com,555-817-3479,"315 Oak Ln, Phoenix, USA",4547-8375-7871-1314,Sports,992.67,Credit Card
TXN-10397,2025-08-20,Michael Rodriguez,michael.rodriguez87@gmail.com,555-171-9051,"48 Pine St, New York, USA",4686-2654-5796-4586,Electronics,1219.89,Bank Transfer
TXN-10398,2025-03-24,Daniel Miller,daniel.miller71@gmail.com,555-747-8823,"430 Pine St, Los Angeles, USA",4746-6246-5368-1358,Automotive,24.19,Debit Card
TXN-10399,2025-04-29,Linda Garcia,linda.garcia71@yahoo.com,555-763-2911,"433 Broadway, Phoenix, USA",4268-5888-7255-8686,Home & Garden,1072.03,Bank Transfer
TXN-10400,2025-03-14,Laura Miller,laura.miller77@gmail.com,555-812-4226,"340 Cedar Dr, Phoenix, USA",4282-8697-3774-6146,Home & Garden,1265.86,Debit Card
TXN-10401,2025-10-03,Daniel Jones,daniel.jones78@yahoo.com,555-829-9130,"823 Pine St, Chicago, USA",4005-1744-8292-1114,Fashion,144.31,Debit Card
TXN-10402,2025-07-30,Daniel Johnson,daniel.johnson61@yahoo.com,555-727-9907,"504 Oak Ln, Los Angeles, USA",4770-9383-8206-7010,Automotive,874.59,Debit Card
TXN-10403,2025-09-11,Michael Smith,michael.smith43@gmail.com,555-614-7924,"722 Pine St, Phoenix, USA",4088-1731-3402-9336,Automotive,864.74,Bank Transfer
TXN-10404,2025-01-27,John Rodriguez,john.rodriguez88@company.net,555-128-1905,"701 Main St, Phoenix, USA",4911-2788-6409-4183,Automotive,308.81,Debit Card
TXN-10405,2025-07-30,Laura Martinez,laura.martinez47@yahoo.com,555-211-8305,"236 Park Ave, Chicago, USA",4542-3551-1362-1977,Books,71.78,Credit Card
TXN-10406,2025-10-03,Laura Jones,laura.jones60@gmail.com,555-283-1583,"80 Oak Ln, New York, USA",4668-1665-9893-8638,Electronics,763.95,Debit Card
TXN-10407,2025-02-23,Laura Rodriguez,laura.rodriguez79@company.net,555-787-9766,"340 Oak Ln, New York, USA",4682-2755-4574-3855,Sports,846.69,Bank Transfer
TXN-10408,2025-09-01,Emily Martinez,emily.martinez52@gmail.com,555-742-6171,"829 Cedar Dr, Los Angeles, USA",4032-3573-1004-9141,Sports,993.31,PayPal
TXN-10409,2025-11-05,Sarah Davis,sarah.davis33@company.net,555-784-9166,"365 Main St, Chicago, USA",4867-5841-7640-4519,Sports,245.58,Debit Card
TXN-10410,2025-10-04,Laura Rodriguez,laura.rodriguez25@yahoo.com,555-162-6483,"149 Cedar Dr, Houston, USA",4922-3492-4172-9881,Electronics,1213.92,Credit Card
TXN-10411,2025-09-25,Emily Rodriguez,emily.rodriguez22@yahoo.com,555-727-5176,"81 Park Ave, New York, USA",4908-3237-5287-7370,Electronics,1219.21,Bank Transfer
TXN-10412,2025-12-06,Linda Miller,linda.miller50@company.net,555-360-3668,"344 Broadway, Phoenix, USA",4909-7707-9594-7107,Electronics,1053.22,Bank Transfer
TXN-10413,2025-06-25,Robert Miller,robert.miller39@yahoo.com,555-304-8909,"410 Cedar Dr, Los Angeles, USA",4787-3409-4614-5583,Books,1421.11,Bank Transfer
TXN-10414,2025-11-21,David Jones,david.jones32@hotmail.com,555-985-3663,"236 Broadway, Phoenix, USA",4623-2373-6057-9515,Automotive,1195.23,Bank Transfer
TXN-10415,2025-07-01,David Johnson,david.johnson76@company.net,555-746-9219,"377 Main St, Los Angeles, USA",4972-1988-9617-4003,Automotive,1468.25,PayPal
TXN-10416,2025-07-24,David Johnson,david.johnson34@yahoo.com,555-367-8319,"730 Park Ave, Chicago, USA",4674-1745-8254-3059,Toys & Games,1049.84,Debit Card
TXN-10417,2025-12-01,Linda Rodriguez,linda.rodriguez87@hotmail.com,555-346-2727,"458 Broadway, Los Angeles, USA",4471-9680-2844-1579,Fashion,104.27,PayPal
TXN-10418,2025-05-05,Daniel Smith,daniel.smith51@company.net,555-647-2390,"99 Broadway, Phoenix, USA",4301-6759-1896-2703,Books,626.88,Bank Transfer
TXN-10419,2025-01-02,David Miller,david.miller67@yahoo.com,555-377-7404,"601 Main St, Los Angeles, USA",4316-2650-3389-4667,Toys & Games,1163.49,Bank Transfer
TXN-10420,2025-03-11,John Martinez,john.martinez9@hotmail.com,555-413-8114,"260 Main St, Houston, USA",4804-3716-7371-5134,Automotive,346.58,Bank Transfer
TXN-10421,2025-11-30,Michael Miller,michael.miller75@gmail.com,555-411-8477,"177 Pine St, Los Angeles, USA",4829-6450-6597-1887,Books,299.72,PayPal
TXN-10422,2025-02-05,David Davis,david.davis77@gmail.com,555-988-9333,"864 Oak Ln, Houston, USA",4881-5768-5505-9982,Fashion,698.12,Debit Card
TXN-10423,2025-01-15,Emily Garcia,emily.garcia20@yahoo.com,555-993-3581,"200 Main St, New York, USA",4622-7078-6740-4829,Automotive,603.92,Debit Card
TXN-10424,2025-08-10,Daniel Davis,daniel.davis93@yahoo.com,555-166-3527,"505 Broadway, Los Angeles, USA",4768-8226-6869-2121,Sports,1389.28,Bank Transfer
TXN-10425,2025-12-08,Laura Williams,laura.williams48@gmail.com,555-361-2512,"155 Park Ave, Los Angeles, USA",4952-9237-9468-7976,Home & Garden,1044.01,Bank Transfer
TXN-10426,2025-12-27,David Garcia,david.garcia19@company.net,555-153-5260,"461 Oak Ln, New York, USA",4929-3325-1452-1846,Home & Garden,361.36,Bank Transfer
TXN-10427,2025-07-29,Michael Brown,michael.brown74@hotmail.com,555-560-9269,"772 Main St, Phoenix, USA",4462-7015-7117-1303,Sports,996.55,PayPal
TXN-10428,2025-08-19,Daniel Brown,daniel.brown95@company.net,555-742-3827,"278 Broadway, Phoenix, USA",4360-5512-2747-9018,Toys & Games,1193.65,PayPal
TXN-10429,2025-08-17,Sarah Davis,sarah.davis77@gmail.com,555-336-5370,"21 Main St, Los Angeles, USA",4731-9857-7988-9490,Automotive,806.75,PayPal
TXN-10430,2025-01-28,Michael Martinez,michael.martinez55@gmail.com,555-359-8793,"891 Pine St, Los Angeles, USA",4582-1981-8813-3747,Books,681.02,PayPal
TXN-10431,2025-03-01,John Martinez,john.martinez89@hotmail.com,555-853-4554,"731 Broadway, Phoenix, USA",4305-7451-1336-3884,Home & Garden,568.84,Bank Transfer
TXN-10432,2025-12-22,Laura Johnson,laura.johnson43@gmail.com,555-858-2414,"524 Main St, Phoenix, USA",4395-6499-9908-2489,Books,116.01,Credit Card
TXN-10433,2025-08-03,Emily Garcia,emily.garcia23@company.net,555-877-5181,"40 Broadway, Phoenix, USA",4495-5320-3283-1304,Toys & Games,1265.13,Bank Transfer
TXN-10434,2025-02-23,Jane Jones,jane.jones22@yahoo.com,555-548-6471,"848 Broadway, New York, USA",4421-8156-6862-5947,Books,1442.61,PayPal
TXN-10435,2025-05-28,Daniel Martinez,daniel.martinez17@hotmail.com,555-484-8998,"499 Pine St, Los Angeles, USA",4540-9954-8461-1439,Electronics,759.97,Debit Card
TXN-10436,2025-11-10,Daniel Brown,daniel.brown29@company.net,555-752-1290,"103 Park Ave, Los Angeles, USA",4919-3658-9037-1126,Sports,208.0,Credit Card
TXN-10437,2025-08-28,Sarah Davis,sarah.davis44@hotmail.com,555-603-7517,"673 Park Ave, Chicago, USA",4993-1554-8979-5934,Fashion,1315.53,Debit Card
TXN-10438,2025-07-14,Daniel Rodriguez,daniel.rodriguez82@yahoo.com,555-787-4275,"491 Broadway, Los Angeles, USA",4975-9394-1717-6233,Fashion,600.18,PayPal
TXN-10439,2025-12-15,Daniel Williams,daniel.williams87@hotmail.com,555-580-8872,"55 Broadway, New York, USA",4512-7758-2025-7509,Books,878.25,Debit Card
TXN-10440,2025-03-21,Sarah Smith,sarah.smith81@hotmail.com,555-136-8112,"787 Cedar Dr, Houston, USA",4573-6602-4723-8949,Electronics,835.78,PayPal
TXN-10441,2025-11-30,Linda Rodriguez,linda.rodriguez26@yahoo.com,555-870-2218,"785 Main St, New York, USA",4046-5913-9468-6530,Fashion,1420.55,PayPal
TXN-10442,2025-07-18,Michael Jones,michael.jones35@gmail.com,555-974-9276,"814 Park Ave, Phoenix, USA",4568-3254-6008-6724,Home & Garden,1078.1,Credit Card
TXN-10443,2025-11-14,Sarah Jones,sarah.jones5@gmail.com,555-116-3134,"280 Oak Ln, New York, USA",4478-2164-1031-6623,Home & Garden,1187.08,Debit Card
TXN-10444,2025-01-06,Sarah Miller,sarah.miller20@gmail.com,555-450-5132,"264 Pine St, New York, USA",4394-9455-9433-1785,Home & Garden,1157.94,Credit Card
TXN-10445,2025-06-01,Jane Martinez,jane.martinez94@company.net,555-715-4138,"324 Park Ave, Houston, USA",4000-8181-5545-9968,Home & Garden,605.79,Debit Card
TXN-10446,2025-04-02,John Johnson,john.johnson76@gmail.com,555-315-3358,"576 Broadway, Los Angeles, USA",4766-8483-2472-9626,Sports,571.5,Debit Card
TXN-10447,2025-09-16,Laura Brown,laura.brown89@company.net,555-233-7106,"278 Broadway, Los Angeles, USA",4221-6659-9470-8464,Books,1243.13,PayPal
TXN-10448,2025-12-08,Robert Garcia,robert.garcia83@hotmail.com,555-135-7551,"856 Main St, Houston, USA",4134-6597-8274-3892,Fashion,593.92,Debit Card
TXN-10449,2025-07-23,Michael Brown,michael.brown39@company.net,555-729-2587,"999 Oak Ln, Chicago, USA",4283-9239-5646-7223,Electronics,1233.51,Credit Card
TXN-10450,2025-08-03,Robert Brown,robert.brown30@yahoo.com,555-777-7988,"367 Broadway, Phoenix, USA",4677-9547-6994-7303,Fashion,796.8,PayPal
TXN-10451,2025-02-09,Michael Rodriguez,michael.rodriguez93@hotmail.com,555-207-1004,"251 Pine St, Phoenix, USA",4194-9783-4112-8426,Toys & Games,797.73,Bank Transfer
TXN-10452,2025-07-26,Laura Garcia,laura.garcia35@company.net,555-262-4176,"669 Pine St, Chicago, USA",4328-8684-1237-8808,Sports,727.94,Debit Card
TXN-10453,2025-04-25,Laura Brown,laura.brown8@hotmail.com,555-355-2270,"917 Cedar Dr, Chicago, USA",4960-8472-6924-3909,Home & Garden,631.24,Bank Transfer
TXN-10454,2025-02-26,Sarah Martinez,sarah.martinez7@company.net,555-971-7875,"804 Pine St, Phoenix, USA",4684-4174-4589-3244,Home & Garden,731.85,Credit Card
TXN-10455,2025-06-01,Michael Miller,michael.miller75@yahoo.com,555-890-9759,"8 Oak Ln, Chicago, USA",4464-6656-8602-4825,Home & Garden,848.94,Credit Card
TXN-10456,2025-03-22,John Williams,john.williams10@hotmail.com,555-681-7413,"175 Main St, Houston, USA",4825-2665-7029-6778,Home & Garden,1432.59,Bank Transfer
TXN-10457,2025-11-11,Robert Jones,robert.jones35@company.net,555-287-2565,"231 Oak Ln, Chicago, USA",4383-3885-3008-8036,Sports,164.89,PayPal
TXN-10458,2025-08-13,Emily Williams,emily.williams45@hotmail.com,555-817-1647,"604 Main St, New York, USA",4802-1089-5257-3946,Toys & Games,711.97,Credit Card
TXN-10459,2025-11-26,Sarah Garcia,sarah.garcia64@hotmail.com,555-476-4418,"298 Main St, Los Angeles, USA",4627-5702-8854-9871,Automotive,1231.53,PayPal
TXN-10460,2025-11-14,Michael Rodriguez,michael.rodriguez68@gmail.com,555-364-3843,"369 Broadway, Chicago, USA",4074-8290-3635-6976,Toys & Games,745.93,PayPal
TXN-10461,2025-07-03,Emily Smith,emily.smith56@gmail.com,555-942-1097,"385 Pine St, New York, USA",4081-1360-4452-6661,Sports,577.25,PayPal
TXN-10462,2025-03-10,Michael Rodriguez,michael.rodriguez66@yahoo.com,555-106-2302,"681 Main St, Chicago, USA",4974-9085-6156-7127,Sports,836.13,PayPal
TXN-10463,2025-04-17,Jane Martinez,jane.martinez30@gmail.com,555-730-1651,"196 Broadway, Houston, USA",4589-8290-2733-6905,Automotive,1055.24,Bank Transfer
TXN-10464,2025-10-11,Jane Davis,jane.davis25@yahoo.com,555-831-5364,"647 Oak Ln, Los Angeles, USA",4647-6433-2969-3730,Toys & Games,937.41,Credit Card
TXN-10465,2025-01-26,Sarah Martinez,sarah.martinez44@hotmail.com,555-828-5367,"319 Oak Ln, Houston, USA",4398-9882-5870-6744,Automotive,935.69,Credit Card
TXN-10466,2025-03-29,Emily Davis,emily.davis19@hotmail.com,555-288-2436,"238 Park Ave, Los Angeles, USA",4204-3255-4301-6741,Fashion,1006.87,Bank Transfer
TXN-10467,2025-03-02,Robert Garcia,robert.garcia52@hotmail.com,555-376-6332,"475 Main St, Phoenix, USA",4001-5318-8767-3240,Automotive,383.47,Bank Transfer
TXN-10468,2025-03-17,Sarah Williams,sarah.williams57@company.net,555-689-6798,"473 Pine St, Houston, USA",4106-6121-3660-3928,Fashion,1444.98,Debit Card
TXN-10469,2025-05-17,John Brown,john.brown28@yahoo.com,555-294-1580,"629 Main St, Chicago, USA",4774-5493-6103-5091,Electronics,1485.2,PayPal
TXN-10470,2025-05-21,Michael Rodriguez,michael.rodriguez37@hotmail.com,555-108-5617,"257 Cedar Dr, New York, USA",4469-7090-5705-5624,Books,177.01,Debit Card
TXN-10471,2025-02-22,Daniel Davis,daniel.davis28@yahoo.com,555-256-4022,"781 Main St, Phoenix, USA",4822-1763-5784-3548,Toys & Games,1239.55,Credit Card
TXN-10472,2025-12-14,Linda Martinez,linda.martinez33@yahoo.com,555-410-6767,"337 Pine St, New York, USA",4424-2881-2600-6706,Electronics,374.27,Credit Card
TXN-10473,2025-06-14,David Martinez,david.martinez38@company.net,555-881-8558,"825 Broadway, Phoenix, USA",4827-6892-9994-3514,Books,1115.38,Debit Card
TXN-10474,2025-11-24,Laura Garcia,laura.garcia12@company.net,555-886-8712,"88 Cedar Dr, New York, USA",4724-3482-4108-6431,Books,992.63,Bank Transfer
TXN-10475,2025-06-01,Michael Garcia,michael.garcia44@hotmail.com,555-983-6717,"553 Pine St, Phoenix, USA",4549-6287-6665-1285,Sports,1339.67,Debit Card
TXN-10476,2025-01-07,Michael Brown,michael.brown84@yahoo.com,555-481-1791,"30 Pine St, Chicago, USA",4974-5108-6560-3747,Toys & Games,837.56,PayPal
TXN-10477,2025-02-01,Sarah Smith,sarah.smith85@hotmail.com,555-661-3245,"716 Pine St, New York, USA",4548-2375-2983-1842,Fashion,1125.43,Credit Card
TXN-10478,2025-08-27,Linda Rodriguez,linda.rodriguez10@gmail.com,555-285-2270,"198 Oak Ln, Los Angeles, USA",4055-1158-9101-9069,Sports,454.52,PayPal
TXN-10479,2025-06-08,Michael Jones,michael.jones14@company.net,555-298-6759,"46 Oak Ln, New York, USA",4460-6041-5029-7632,Books,919.27,Credit Card
TXN-10480,2025-02-25,Emily Garcia,emily.garcia45@company.net,555-419-9348,"905 Broadway, Chicago, USA",4377-6729-7165-6407,Automotive,1417.91,PayPal
TXN-10481,2025-06-14,Daniel Johnson,daniel.johnson10@yahoo.com,555-596-4264,"222 Main St, Houston, USA",4488-5185-5457-3860,Automotive,1009.72,PayPal
TXN-10482,2025-01-13,Robert Williams,robert.williams73@yahoo.com,555-516-2983,"344 Park Ave, Phoenix, USA",4254-7843-7110-7961,Toys & Games,342.21,Debit Card
TXN-10483,2025-11-22,David Williams,david.williams8@yahoo.com,555-738-5583,"10 Park Ave, Los Angeles, USA",4837-5274-4910-2551,Automotive,1410.53,Debit Card
TXN-10484,2025-04-06,Linda Rodriguez,linda.rodriguez46@gmail.com,555-898-9703,"154 Pine St, Phoenix, USA",4818-1184-4743-7141,Sports,1348.26,Bank Transfer
TXN-10485,2025-08-05,Linda Brown,linda.brown63@company.net,555-646-6334,"384 Oak Ln, New York, USA",4791-4036-6796-6038,Fashion,56.34,Debit Card
TXN-10486,2025-05-23,David Smith,david.smith86@gmail.com,555-499-5744,"215 Broadway, New York, USA",4952-4833-5493-6845,Sports,1075.14,PayPal
TXN-10487,2025-07-22,Robert Johnson,robert.johnson67@hotmail.com,555-121-5710,"33 Main St, Los Angeles, USA",4166-8532-9339-9214,Automotive,193.6,Bank Transfer
TXN-10488,2025-11-14,Sarah Smith,sarah.smith89@company.net,555-718-1446,"670 Main St, Phoenix, USA",4741-4244-5122-7331,Home & Garden,68.99,Credit Card
TXN-10489,2025-11-26,Laura Smith,laura.smith58@company.net,555-293-8623,"595 Pine St, Phoenix, USA",4301-3312-5663-2593,Toys & Games,1343.85,PayPal
TXN-10490,2025-12-11,John Rodriguez,john.rodriguez22@company.net,555-425-3805,"907 Main St, Houston, USA",4241-9768-6048-7289,Books,531.08,Debit Card
TXN-10491,2025-09-04,Laura Jones,laura.jones98@hotmail.com,555-166-7110,"153 Park Ave, Phoenix, USA",4859-3081-9287-5366,Automotive,600.08,Credit Card
TXN-10492,2025-03-08,David Smith,david.smith71@yahoo.com,555-972-9369,"999 Park Ave, Los Angeles, USA",4937-9841-9206-7174,Books,213.51,PayPal
TXN-10493,2025-09-15,David Johnson,david.johnson81@gmail.com,555-432-7984,"95 Oak Ln, New York, USA",4200-4034-7805-2343,Electronics,1245.28,Bank Transfer
TXN-10494,2025-09-16,Sarah Martinez,sarah.martinez42@yahoo.com,555-150-8693,"859 Oak Ln, Los Angeles, USA",4059-9416-9475-7415,Sports,1205.62,Credit Card
TXN-10495,2025-01-09,Robert Jones,robert.jones39@company.net,555-244-8984,"163 Oak Ln, Los Angeles, USA",4355-1049-7157-8305,Home & Garden,995.41,PayPal
TXN-10496,2025-04-18,Michael Brown,michael.brown33@gmail.com,555-723-3284,"903 Pine St, New York, USA",4303-7585-4138-8593,Books,682.3,Debit Card
TXN-10497,2025-11-07,Jane Miller,jane.miller62@company.net,555-375-6980,"625 Broadway, Phoenix, USA",4050-5917-4814-7657,Fashion,470.59,PayPal
TXN-10498,2025-12-09,Jane Brown,jane.brown9@gmail.com,555-110-3503,"542 Oak Ln, Chicago, USA",4935-2271-9373-6790,Electronics,669.45,PayPal
TXN-10499,2025-08-20,Sarah Rodriguez,sarah.rodriguez41@company.net,555-225-8808,"386 Cedar Dr, Chicago, USA",4071-8008-6713-5743,Books,940.47,Credit Card
